-- Generated by scripts/generate-seed.mjs (romanized Arabic names in English, UTF-8)

-- ADMINS
INSERT INTO admins (id, email, full_name, password_hash, university_id)
VALUES
('02511793', 'admin@edutrack.edu', 'Dr. Ahmed Hassan El-Mahallawi', '12345678', 'edutrack_main'),
('02511794', 'admin02@edutrack.edu', 'Dr. Fatima El-Sayed Ibrahim', '12345678', 'edutrack_main'),
('02511795', 'admin03@edutrack.edu', 'Mr. Khaled Abdel Rahman Awad', '12345678', 'edutrack_main'),
('02511796', 'admin04@edutrack.edu', 'Ms. Sarah Mahmoud El-Alfy', '12345678', 'edutrack_main');

-- TEACHERS
INSERT INTO teachers (id, email, full_name, password_hash, employee_id, department, university_id)
VALUES
('12520001', 't001@edutrack.edu', 'Dr. Mohamed El-Hassan', '12345678', 'EMP0001', 'Computer Science & Artificial Intelligence', 'edutrack_main'),
('12520002', 't002@edutrack.edu', 'Dr. Fatima Osman', '12345678', 'EMP0002', 'Civil Engineering', 'edutrack_main'),
('12520003', 't003@edutrack.edu', 'Dr. Ahmed El-Najjar', '12345678', 'EMP0003', 'Electrical Engineering', 'edutrack_main'),
('12520004', 't004@edutrack.edu', 'Dr. Aisha Hassanein', '12345678', 'EMP0004', 'Mechanical Engineering', 'edutrack_main'),
('12520005', 't005@edutrack.edu', 'Dr. Khaled El-Antably', '12345678', 'EMP0005', 'Faculty of Medicine', 'edutrack_main'),
('12520006', 't006@edutrack.edu', 'Dr. Mariam Mousa', '12345678', 'EMP0006', 'Business Administration', 'edutrack_main'),
('12520007', 't007@edutrack.edu', 'Dr. Yusuf El-Bayoumi', '12345678', 'EMP0007', 'Pharmacy', 'edutrack_main'),
('12520008', 't008@edutrack.edu', 'Dr. Noor El-Gendy', '12345678', 'EMP0008', 'Mathematics & Physics', 'edutrack_main'),
('12520009', 't009@edutrack.edu', 'Dr. Omar El-Damardash', '12345678', 'EMP0009', 'Arabic Language', 'edutrack_main'),
('12520010', 't010@edutrack.edu', 'Dr. Layla Ibrahim', '12345678', 'EMP0010', 'Sciences', 'edutrack_main'),
('12520011', 't011@edutrack.edu', 'Dr. Tarek Mostafa', '12345678', 'EMP0011', 'Computer Science & Artificial Intelligence', 'edutrack_main'),
('12520012', 't012@edutrack.edu', 'Dr. Hend Abdullah', '12345678', 'EMP0012', 'Civil Engineering', 'edutrack_main'),
('12520013', 't013@edutrack.edu', 'Dr. Sami El-Zahraa', '12345678', 'EMP0013', 'Electrical Engineering', 'edutrack_main'),
('12520014', 't014@edutrack.edu', 'Dr. Zeinab El-Khatib', '12345678', 'EMP0014', 'Mechanical Engineering', 'edutrack_main'),
('12520015', 't015@edutrack.edu', 'Dr. Karim Fahmy', '12345678', 'EMP0015', 'Faculty of Medicine', 'edutrack_main'),
('12520016', 't016@edutrack.edu', 'Dr. Rana El-Tantawy', '12345678', 'EMP0016', 'Business Administration', 'edutrack_main'),
('12520017', 't017@edutrack.edu', 'Dr. Bassel El-Kashif', '12345678', 'EMP0017', 'Pharmacy', 'edutrack_main'),
('12520018', 't018@edutrack.edu', 'Dr. Dina Mahmoud', '12345678', 'EMP0018', 'Mathematics & Physics', 'edutrack_main'),
('12520019', 't019@edutrack.edu', 'Dr. Waleed El-Sayed', '12345678', 'EMP0019', 'Arabic Language', 'edutrack_main'),
('12520020', 't020@edutrack.edu', 'Dr. Mona El-Feki', '12345678', 'EMP0020', 'Sciences', 'edutrack_main'),
('12520021', 't021@edutrack.edu', 'Dr. Amr El-Shinnawi', '12345678', 'EMP0021', 'Computer Science & Artificial Intelligence', 'edutrack_main'),
('12520022', 't022@edutrack.edu', 'Dr. Salma Saleh', '12345678', 'EMP0022', 'Civil Engineering', 'edutrack_main'),
('12520023', 't023@edutrack.edu', 'Dr. Hesham Gerges', '12345678', 'EMP0023', 'Electrical Engineering', 'edutrack_main'),
('12520024', 't024@edutrack.edu', 'Dr. Iman Adel', '12345678', 'EMP0024', 'Mechanical Engineering', 'edutrack_main'),
('12520025', 't025@edutrack.edu', 'Dr. Tamer El-Saadani', '12345678', 'EMP0025', 'Faculty of Medicine', 'edutrack_main'),
('12520026', 't026@edutrack.edu', 'Dr. Ghada El-Hassan', '12345678', 'EMP0026', 'Business Administration', 'edutrack_main'),
('12520027', 't027@edutrack.edu', 'Dr. Mahmoud Osman', '12345678', 'EMP0027', 'Pharmacy', 'edutrack_main'),
('12520028', 't028@edutrack.edu', 'Dr. Shaimaa El-Najjar', '12345678', 'EMP0028', 'Mathematics & Physics', 'edutrack_main'),
('12520029', 't029@edutrack.edu', 'Dr. Islam Hassanein', '12345678', 'EMP0029', 'Arabic Language', 'edutrack_main'),
('12520030', 't030@edutrack.edu', 'Dr. Asmaa El-Antably', '12345678', 'EMP0030', 'Sciences', 'edutrack_main'),
('12520031', 't031@edutrack.edu', 'Dr. Mohamed Gerges', '12345678', 'EMP0031', 'Computer Science & Artificial Intelligence', 'edutrack_main'),
('12520032', 't032@edutrack.edu', 'Dr. Fatima Adel', '12345678', 'EMP0032', 'Civil Engineering', 'edutrack_main'),
('12520033', 't033@edutrack.edu', 'Dr. Ahmed El-Saadani', '12345678', 'EMP0033', 'Electrical Engineering', 'edutrack_main'),
('12520034', 't034@edutrack.edu', 'Dr. Aisha El-Hassan', '12345678', 'EMP0034', 'Mechanical Engineering', 'edutrack_main'),
('12520035', 't035@edutrack.edu', 'Dr. Khaled Osman', '12345678', 'EMP0035', 'Faculty of Medicine', 'edutrack_main'),
('12520036', 't036@edutrack.edu', 'Dr. Mariam El-Najjar', '12345678', 'EMP0036', 'Business Administration', 'edutrack_main'),
('12520037', 't037@edutrack.edu', 'Dr. Yusuf Hassanein', '12345678', 'EMP0037', 'Pharmacy', 'edutrack_main'),
('12520038', 't038@edutrack.edu', 'Dr. Noor El-Antably', '12345678', 'EMP0038', 'Mathematics & Physics', 'edutrack_main'),
('12520039', 't039@edutrack.edu', 'Dr. Omar Mousa', '12345678', 'EMP0039', 'Arabic Language', 'edutrack_main'),
('12520040', 't040@edutrack.edu', 'Dr. Layla El-Bayoumi', '12345678', 'EMP0040', 'Sciences', 'edutrack_main');

INSERT INTO teachers (id, email, full_name, password_hash, employee_id, department, university_id)
VALUES
('12520041', 't041@edutrack.edu', 'Dr. Tarek El-Gendy', '12345678', 'EMP0041', 'Computer Science & Artificial Intelligence', 'edutrack_main'),
('12520042', 't042@edutrack.edu', 'Dr. Hend El-Damardash', '12345678', 'EMP0042', 'Civil Engineering', 'edutrack_main'),
('12520043', 't043@edutrack.edu', 'Dr. Sami Ibrahim', '12345678', 'EMP0043', 'Electrical Engineering', 'edutrack_main'),
('12520044', 't044@edutrack.edu', 'Dr. Zeinab Mostafa', '12345678', 'EMP0044', 'Mechanical Engineering', 'edutrack_main'),
('12520045', 't045@edutrack.edu', 'Dr. Karim Abdullah', '12345678', 'EMP0045', 'Faculty of Medicine', 'edutrack_main'),
('12520046', 't046@edutrack.edu', 'Dr. Rana El-Zahraa', '12345678', 'EMP0046', 'Business Administration', 'edutrack_main'),
('12520047', 't047@edutrack.edu', 'Dr. Bassel El-Khatib', '12345678', 'EMP0047', 'Pharmacy', 'edutrack_main'),
('12520048', 't048@edutrack.edu', 'Dr. Dina Fahmy', '12345678', 'EMP0048', 'Mathematics & Physics', 'edutrack_main'),
('12520049', 't049@edutrack.edu', 'Dr. Waleed El-Tantawy', '12345678', 'EMP0049', 'Arabic Language', 'edutrack_main'),
('12520050', 't050@edutrack.edu', 'Dr. Mona El-Kashif', '12345678', 'EMP0050', 'Sciences', 'edutrack_main'),
('12520051', 't051@edutrack.edu', 'Dr. Amr Mahmoud', '12345678', 'EMP0051', 'Computer Science & Artificial Intelligence', 'edutrack_main'),
('12520052', 't052@edutrack.edu', 'Dr. Salma El-Sayed', '12345678', 'EMP0052', 'Civil Engineering', 'edutrack_main'),
('12520053', 't053@edutrack.edu', 'Dr. Hesham El-Feki', '12345678', 'EMP0053', 'Electrical Engineering', 'edutrack_main'),
('12520054', 't054@edutrack.edu', 'Dr. Iman El-Shinnawi', '12345678', 'EMP0054', 'Mechanical Engineering', 'edutrack_main'),
('12520055', 't055@edutrack.edu', 'Dr. Tamer Saleh', '12345678', 'EMP0055', 'Faculty of Medicine', 'edutrack_main'),
('12520056', 't056@edutrack.edu', 'Dr. Ghada Gerges', '12345678', 'EMP0056', 'Business Administration', 'edutrack_main'),
('12520057', 't057@edutrack.edu', 'Dr. Mahmoud Adel', '12345678', 'EMP0057', 'Pharmacy', 'edutrack_main'),
('12520058', 't058@edutrack.edu', 'Dr. Shaimaa El-Saadani', '12345678', 'EMP0058', 'Mathematics & Physics', 'edutrack_main'),
('12520059', 't059@edutrack.edu', 'Dr. Islam El-Hassan', '12345678', 'EMP0059', 'Arabic Language', 'edutrack_main'),
('12520060', 't060@edutrack.edu', 'Dr. Asmaa Osman', '12345678', 'EMP0060', 'Sciences', 'edutrack_main');

-- STUDENTS
INSERT INTO students (id, email, full_name, password_hash, student_id, major, gpa, university_id)
VALUES
('22530001', 's001@student.edutrack.edu', 'Adam El-Skandary', '12345678', 'STU0001', 'Computer Science', 2.67, 'edutrack_main'),
('22530002', 's002@student.edutrack.edu', 'Malak El-Damanhoury', '12345678', 'STU0002', 'Software Engineering', 2.84, 'edutrack_main'),
('22530003', 's003@student.edutrack.edu', 'Yahya El-Maadi', '12345678', 'STU0003', 'Civil Engineering', 3.01, 'edutrack_main'),
('22530004', 's004@student.edutrack.edu', 'Jana El-Ghamry', '12345678', 'STU0004', 'Electrical Engineering', 3.18, 'edutrack_main'),
('22530005', 's005@student.edutrack.edu', 'Ibrahim El-Skandary', '12345678', 'STU0005', 'Medicine', 3.35, 'edutrack_main'),
('22530006', 's006@student.edutrack.edu', 'Hiba El-Damanhoury', '12345678', 'STU0006', 'Business Administration', 3.52, 'edutrack_main'),
('22530007', 's007@student.edutrack.edu', 'Mostafa El-Maadi', '12345678', 'STU0007', 'Pharmacy', 3.69, 'edutrack_main'),
('22530008', 's008@student.edutrack.edu', 'Lara El-Ghamry', '12345678', 'STU0008', 'Mathematics', 3.86, 'edutrack_main'),
('22530009', 's009@student.edutrack.edu', 'Karim El-Skandary', '12345678', 'STU0009', 'Physics', 2.53, 'edutrack_main'),
('22530010', 's010@student.edutrack.edu', 'Nourhan El-Damanhoury', '12345678', 'STU0010', 'Arabic Language', 2.70, 'edutrack_main'),
('22530011', 's011@student.edutrack.edu', 'Abdel Rahman El-Maadi', '12345678', 'STU0011', 'Chemistry', 2.87, 'edutrack_main'),
('22530012', 's012@student.edutrack.edu', 'Salma El-Ghamry', '12345678', 'STU0012', 'Biology', 3.04, 'edutrack_main'),
('22530013', 's013@student.edutrack.edu', 'Yassin El-Skandary', '12345678', 'STU0013', 'Accounting', 3.21, 'edutrack_main'),
('22530014', 's014@student.edutrack.edu', 'Mai El-Damanhoury', '12345678', 'STU0014', 'Marketing', 3.38, 'edutrack_main'),
('22530015', 's015@student.edutrack.edu', 'Taha El-Maadi', '12345678', 'STU0015', 'Computer Science', 3.55, 'edutrack_main'),
('22530016', 's016@student.edutrack.edu', 'Rahma El-Ghamry', '12345678', 'STU0016', 'Software Engineering', 3.72, 'edutrack_main'),
('22530017', 's017@student.edutrack.edu', 'Hossam El-Skandary', '12345678', 'STU0017', 'Civil Engineering', 3.89, 'edutrack_main'),
('22530018', 's018@student.edutrack.edu', 'Shahd El-Damanhoury', '12345678', 'STU0018', 'Electrical Engineering', 2.56, 'edutrack_main'),
('22530019', 's019@student.edutrack.edu', 'Anas El-Maadi', '12345678', 'STU0019', 'Medicine', 2.73, 'edutrack_main'),
('22530020', 's020@student.edutrack.edu', 'Basma El-Ghamry', '12345678', 'STU0020', 'Business Administration', 2.90, 'edutrack_main'),
('22530021', 's021@student.edutrack.edu', 'Malek El-Skandary', '12345678', 'STU0021', 'Pharmacy', 3.07, 'edutrack_main'),
('22530022', 's022@student.edutrack.edu', 'Yara El-Damanhoury', '12345678', 'STU0022', 'Mathematics', 3.24, 'edutrack_main'),
('22530023', 's023@student.edutrack.edu', 'Seif El-Maadi', '12345678', 'STU0023', 'Physics', 3.41, 'edutrack_main'),
('22530024', 's024@student.edutrack.edu', 'Layan El-Ghamry', '12345678', 'STU0024', 'Arabic Language', 3.58, 'edutrack_main'),
('22530025', 's025@student.edutrack.edu', 'Omar El-Skandary', '12345678', 'STU0025', 'Chemistry', 3.75, 'edutrack_main'),
('22530026', 's026@student.edutrack.edu', 'Tasneem El-Damanhoury', '12345678', 'STU0026', 'Biology', 3.92, 'edutrack_main'),
('22530027', 's027@student.edutrack.edu', 'Ziad El-Maadi', '12345678', 'STU0027', 'Accounting', 2.59, 'edutrack_main'),
('22530028', 's028@student.edutrack.edu', 'Judy El-Ghamry', '12345678', 'STU0028', 'Marketing', 2.76, 'edutrack_main'),
('22530029', 's029@student.edutrack.edu', 'Rami El-Skandary', '12345678', 'STU0029', 'Computer Science', 2.93, 'edutrack_main'),
('22530030', 's030@student.edutrack.edu', 'Nada El-Damanhoury', '12345678', 'STU0030', 'Software Engineering', 3.10, 'edutrack_main'),
('22530031', 's031@student.edutrack.edu', 'Adam Madinet Nasr', '12345678', 'STU0031', 'Civil Engineering', 3.27, 'edutrack_main'),
('22530032', 's032@student.edutrack.edu', 'Malak El-Shazly', '12345678', 'STU0032', 'Electrical Engineering', 3.44, 'edutrack_main'),
('22530033', 's033@student.edutrack.edu', 'Yahya El-Qahiry', '12345678', 'STU0033', 'Medicine', 3.61, 'edutrack_main'),
('22530034', 's034@student.edutrack.edu', 'Jana Tantawy', '12345678', 'STU0034', 'Business Administration', 3.78, 'edutrack_main'),
('22530035', 's035@student.edutrack.edu', 'Ibrahim Madinet Nasr', '12345678', 'STU0035', 'Pharmacy', 3.95, 'edutrack_main'),
('22530036', 's036@student.edutrack.edu', 'Hiba El-Shazly', '12345678', 'STU0036', 'Mathematics', 2.62, 'edutrack_main'),
('22530037', 's037@student.edutrack.edu', 'Mostafa El-Qahiry', '12345678', 'STU0037', 'Physics', 2.79, 'edutrack_main'),
('22530038', 's038@student.edutrack.edu', 'Lara Tantawy', '12345678', 'STU0038', 'Arabic Language', 2.96, 'edutrack_main'),
('22530039', 's039@student.edutrack.edu', 'Karim Madinet Nasr', '12345678', 'STU0039', 'Chemistry', 3.13, 'edutrack_main'),
('22530040', 's040@student.edutrack.edu', 'Nourhan El-Shazly', '12345678', 'STU0040', 'Biology', 3.30, 'edutrack_main');

INSERT INTO students (id, email, full_name, password_hash, student_id, major, gpa, university_id)
VALUES
('22530041', 's041@student.edutrack.edu', 'Abdel Rahman El-Qahiry', '12345678', 'STU0041', 'Accounting', 3.47, 'edutrack_main'),
('22530042', 's042@student.edutrack.edu', 'Salma Tantawy', '12345678', 'STU0042', 'Marketing', 3.64, 'edutrack_main'),
('22530043', 's043@student.edutrack.edu', 'Yassin Madinet Nasr', '12345678', 'STU0043', 'Computer Science', 3.81, 'edutrack_main'),
('22530044', 's044@student.edutrack.edu', 'Mai El-Shazly', '12345678', 'STU0044', 'Software Engineering', 3.98, 'edutrack_main'),
('22530045', 's045@student.edutrack.edu', 'Taha El-Qahiry', '12345678', 'STU0045', 'Civil Engineering', 2.65, 'edutrack_main'),
('22530046', 's046@student.edutrack.edu', 'Rahma Tantawy', '12345678', 'STU0046', 'Electrical Engineering', 2.82, 'edutrack_main'),
('22530047', 's047@student.edutrack.edu', 'Hossam Madinet Nasr', '12345678', 'STU0047', 'Medicine', 2.99, 'edutrack_main'),
('22530048', 's048@student.edutrack.edu', 'Shahd El-Shazly', '12345678', 'STU0048', 'Business Administration', 3.16, 'edutrack_main'),
('22530049', 's049@student.edutrack.edu', 'Anas El-Qahiry', '12345678', 'STU0049', 'Pharmacy', 3.33, 'edutrack_main'),
('22530050', 's050@student.edutrack.edu', 'Basma Tantawy', '12345678', 'STU0050', 'Mathematics', 3.50, 'edutrack_main'),
('22530051', 's051@student.edutrack.edu', 'Malek Madinet Nasr', '12345678', 'STU0051', 'Physics', 3.67, 'edutrack_main'),
('22530052', 's052@student.edutrack.edu', 'Yara El-Shazly', '12345678', 'STU0052', 'Arabic Language', 3.84, 'edutrack_main'),
('22530053', 's053@student.edutrack.edu', 'Seif El-Qahiry', '12345678', 'STU0053', 'Chemistry', 2.51, 'edutrack_main'),
('22530054', 's054@student.edutrack.edu', 'Layan Tantawy', '12345678', 'STU0054', 'Biology', 2.68, 'edutrack_main'),
('22530055', 's055@student.edutrack.edu', 'Omar Madinet Nasr', '12345678', 'STU0055', 'Accounting', 2.85, 'edutrack_main'),
('22530056', 's056@student.edutrack.edu', 'Tasneem El-Shazly', '12345678', 'STU0056', 'Marketing', 3.02, 'edutrack_main'),
('22530057', 's057@student.edutrack.edu', 'Ziad El-Qahiry', '12345678', 'STU0057', 'Computer Science', 3.19, 'edutrack_main'),
('22530058', 's058@student.edutrack.edu', 'Judy Tantawy', '12345678', 'STU0058', 'Software Engineering', 3.36, 'edutrack_main'),
('22530059', 's059@student.edutrack.edu', 'Rami Madinet Nasr', '12345678', 'STU0059', 'Civil Engineering', 3.53, 'edutrack_main'),
('22530060', 's060@student.edutrack.edu', 'Nada El-Shazly', '12345678', 'STU0060', 'Electrical Engineering', 3.70, 'edutrack_main'),
('22530061', 's061@student.edutrack.edu', 'Adam El-Gizawi', '12345678', 'STU0061', 'Medicine', 3.87, 'edutrack_main'),
('22530062', 's062@student.edutrack.edu', 'Malak El-Zagazigy', '12345678', 'STU0062', 'Business Administration', 2.54, 'edutrack_main'),
('22530063', 's063@student.edutrack.edu', 'Yahya El-Abbasiya', '12345678', 'STU0063', 'Pharmacy', 2.71, 'edutrack_main'),
('22530064', 's064@student.edutrack.edu', 'Jana Abdel Fattah', '12345678', 'STU0064', 'Mathematics', 2.88, 'edutrack_main'),
('22530065', 's065@student.edutrack.edu', 'Ibrahim El-Gizawi', '12345678', 'STU0065', 'Physics', 3.05, 'edutrack_main'),
('22530066', 's066@student.edutrack.edu', 'Hiba El-Zagazigy', '12345678', 'STU0066', 'Arabic Language', 3.22, 'edutrack_main'),
('22530067', 's067@student.edutrack.edu', 'Mostafa El-Abbasiya', '12345678', 'STU0067', 'Chemistry', 3.39, 'edutrack_main'),
('22530068', 's068@student.edutrack.edu', 'Lara Abdel Fattah', '12345678', 'STU0068', 'Biology', 3.56, 'edutrack_main'),
('22530069', 's069@student.edutrack.edu', 'Karim El-Gizawi', '12345678', 'STU0069', 'Accounting', 3.73, 'edutrack_main'),
('22530070', 's070@student.edutrack.edu', 'Nourhan El-Zagazigy', '12345678', 'STU0070', 'Marketing', 3.90, 'edutrack_main'),
('22530071', 's071@student.edutrack.edu', 'Abdel Rahman El-Abbasiya', '12345678', 'STU0071', 'Computer Science', 2.57, 'edutrack_main'),
('22530072', 's072@student.edutrack.edu', 'Salma Abdel Fattah', '12345678', 'STU0072', 'Software Engineering', 2.74, 'edutrack_main'),
('22530073', 's073@student.edutrack.edu', 'Yassin El-Gizawi', '12345678', 'STU0073', 'Civil Engineering', 2.91, 'edutrack_main'),
('22530074', 's074@student.edutrack.edu', 'Mai El-Zagazigy', '12345678', 'STU0074', 'Electrical Engineering', 3.08, 'edutrack_main'),
('22530075', 's075@student.edutrack.edu', 'Taha El-Abbasiya', '12345678', 'STU0075', 'Medicine', 3.25, 'edutrack_main'),
('22530076', 's076@student.edutrack.edu', 'Rahma Abdel Fattah', '12345678', 'STU0076', 'Business Administration', 3.42, 'edutrack_main'),
('22530077', 's077@student.edutrack.edu', 'Hossam El-Gizawi', '12345678', 'STU0077', 'Pharmacy', 3.59, 'edutrack_main'),
('22530078', 's078@student.edutrack.edu', 'Shahd El-Zagazigy', '12345678', 'STU0078', 'Mathematics', 3.76, 'edutrack_main'),
('22530079', 's079@student.edutrack.edu', 'Anas El-Abbasiya', '12345678', 'STU0079', 'Physics', 3.93, 'edutrack_main'),
('22530080', 's080@student.edutrack.edu', 'Basma Abdel Fattah', '12345678', 'STU0080', 'Arabic Language', 2.60, 'edutrack_main');

INSERT INTO students (id, email, full_name, password_hash, student_id, major, gpa, university_id)
VALUES
('22530081', 's081@student.edutrack.edu', 'Malek El-Gizawi', '12345678', 'STU0081', 'Chemistry', 2.77, 'edutrack_main'),
('22530082', 's082@student.edutrack.edu', 'Yara El-Zagazigy', '12345678', 'STU0082', 'Biology', 2.94, 'edutrack_main'),
('22530083', 's083@student.edutrack.edu', 'Seif El-Abbasiya', '12345678', 'STU0083', 'Accounting', 3.11, 'edutrack_main'),
('22530084', 's084@student.edutrack.edu', 'Layan Abdel Fattah', '12345678', 'STU0084', 'Marketing', 3.28, 'edutrack_main'),
('22530085', 's085@student.edutrack.edu', 'Omar El-Gizawi', '12345678', 'STU0085', 'Computer Science', 3.45, 'edutrack_main'),
('22530086', 's086@student.edutrack.edu', 'Tasneem El-Zagazigy', '12345678', 'STU0086', 'Software Engineering', 3.62, 'edutrack_main'),
('22530087', 's087@student.edutrack.edu', 'Ziad El-Abbasiya', '12345678', 'STU0087', 'Civil Engineering', 3.79, 'edutrack_main'),
('22530088', 's088@student.edutrack.edu', 'Judy Abdel Fattah', '12345678', 'STU0088', 'Electrical Engineering', 3.96, 'edutrack_main'),
('22530089', 's089@student.edutrack.edu', 'Rami El-Gizawi', '12345678', 'STU0089', 'Medicine', 2.63, 'edutrack_main'),
('22530090', 's090@student.edutrack.edu', 'Nada El-Zagazigy', '12345678', 'STU0090', 'Business Administration', 2.80, 'edutrack_main'),
('22530091', 's091@student.edutrack.edu', 'Adam Shubra', '12345678', 'STU0091', 'Pharmacy', 2.97, 'edutrack_main'),
('22530092', 's092@student.edutrack.edu', 'Malak El-Menoufi', '12345678', 'STU0092', 'Mathematics', 3.14, 'edutrack_main'),
('22530093', 's093@student.edutrack.edu', 'Yahya El-Fayoumi', '12345678', 'STU0093', 'Physics', 3.31, 'edutrack_main'),
('22530094', 's094@student.edutrack.edu', 'Jana El-Mansoury', '12345678', 'STU0094', 'Arabic Language', 3.48, 'edutrack_main'),
('22530095', 's095@student.edutrack.edu', 'Ibrahim Shubra', '12345678', 'STU0095', 'Chemistry', 3.65, 'edutrack_main'),
('22530096', 's096@student.edutrack.edu', 'Hiba El-Menoufi', '12345678', 'STU0096', 'Biology', 3.82, 'edutrack_main'),
('22530097', 's097@student.edutrack.edu', 'Mostafa El-Fayoumi', '12345678', 'STU0097', 'Accounting', 3.99, 'edutrack_main'),
('22530098', 's098@student.edutrack.edu', 'Lara El-Mansoury', '12345678', 'STU0098', 'Marketing', 2.66, 'edutrack_main'),
('22530099', 's099@student.edutrack.edu', 'Karim Shubra', '12345678', 'STU0099', 'Computer Science', 2.83, 'edutrack_main'),
('22530100', 's100@student.edutrack.edu', 'Nourhan El-Menoufi', '12345678', 'STU0100', 'Software Engineering', 3.00, 'edutrack_main'),
('22530101', 's101@student.edutrack.edu', 'Abdel Rahman El-Fayoumi', '12345678', 'STU0101', 'Civil Engineering', 3.17, 'edutrack_main'),
('22530102', 's102@student.edutrack.edu', 'Salma El-Mansoury', '12345678', 'STU0102', 'Electrical Engineering', 3.34, 'edutrack_main'),
('22530103', 's103@student.edutrack.edu', 'Yassin Shubra', '12345678', 'STU0103', 'Medicine', 3.51, 'edutrack_main'),
('22530104', 's104@student.edutrack.edu', 'Mai El-Menoufi', '12345678', 'STU0104', 'Business Administration', 3.68, 'edutrack_main'),
('22530105', 's105@student.edutrack.edu', 'Taha El-Fayoumi', '12345678', 'STU0105', 'Pharmacy', 3.85, 'edutrack_main'),
('22530106', 's106@student.edutrack.edu', 'Rahma El-Mansoury', '12345678', 'STU0106', 'Mathematics', 2.52, 'edutrack_main'),
('22530107', 's107@student.edutrack.edu', 'Hossam Shubra', '12345678', 'STU0107', 'Physics', 2.69, 'edutrack_main'),
('22530108', 's108@student.edutrack.edu', 'Shahd El-Menoufi', '12345678', 'STU0108', 'Arabic Language', 2.86, 'edutrack_main'),
('22530109', 's109@student.edutrack.edu', 'Anas El-Fayoumi', '12345678', 'STU0109', 'Chemistry', 3.03, 'edutrack_main'),
('22530110', 's110@student.edutrack.edu', 'Basma El-Mansoury', '12345678', 'STU0110', 'Biology', 3.20, 'edutrack_main'),
('22530111', 's111@student.edutrack.edu', 'Malek Shubra', '12345678', 'STU0111', 'Accounting', 3.37, 'edutrack_main'),
('22530112', 's112@student.edutrack.edu', 'Yara El-Menoufi', '12345678', 'STU0112', 'Marketing', 3.54, 'edutrack_main'),
('22530113', 's113@student.edutrack.edu', 'Seif El-Fayoumi', '12345678', 'STU0113', 'Computer Science', 3.71, 'edutrack_main'),
('22530114', 's114@student.edutrack.edu', 'Layan El-Mansoury', '12345678', 'STU0114', 'Software Engineering', 3.88, 'edutrack_main'),
('22530115', 's115@student.edutrack.edu', 'Omar Shubra', '12345678', 'STU0115', 'Civil Engineering', 2.55, 'edutrack_main'),
('22530116', 's116@student.edutrack.edu', 'Tasneem El-Menoufi', '12345678', 'STU0116', 'Electrical Engineering', 2.72, 'edutrack_main'),
('22530117', 's117@student.edutrack.edu', 'Ziad El-Fayoumi', '12345678', 'STU0117', 'Medicine', 2.89, 'edutrack_main'),
('22530118', 's118@student.edutrack.edu', 'Judy El-Mansoury', '12345678', 'STU0118', 'Business Administration', 3.06, 'edutrack_main'),
('22530119', 's119@student.edutrack.edu', 'Rami Shubra', '12345678', 'STU0119', 'Pharmacy', 3.23, 'edutrack_main'),
('22530120', 's120@student.edutrack.edu', 'Nada El-Menoufi', '12345678', 'STU0120', 'Mathematics', 3.40, 'edutrack_main');

INSERT INTO students (id, email, full_name, password_hash, student_id, major, gpa, university_id)
VALUES
('22530121', 's121@student.edutrack.edu', 'Adam Alexandrian', '12345678', 'STU0121', 'Physics', 3.57, 'edutrack_main'),
('22530122', 's122@student.edutrack.edu', 'Malak El-Zamaleky', '12345678', 'STU0122', 'Arabic Language', 3.74, 'edutrack_main'),
('22530123', 's123@student.edutrack.edu', 'Yahya El-Matareya', '12345678', 'STU0123', 'Chemistry', 3.91, 'edutrack_main'),
('22530124', 's124@student.edutrack.edu', 'Jana El-Behairy', '12345678', 'STU0124', 'Biology', 2.58, 'edutrack_main'),
('22530125', 's125@student.edutrack.edu', 'Ibrahim Alexandrian', '12345678', 'STU0125', 'Accounting', 2.75, 'edutrack_main'),
('22530126', 's126@student.edutrack.edu', 'Hiba El-Zamaleky', '12345678', 'STU0126', 'Marketing', 2.92, 'edutrack_main'),
('22530127', 's127@student.edutrack.edu', 'Mostafa El-Matareya', '12345678', 'STU0127', 'Computer Science', 3.09, 'edutrack_main'),
('22530128', 's128@student.edutrack.edu', 'Lara El-Behairy', '12345678', 'STU0128', 'Software Engineering', 3.26, 'edutrack_main'),
('22530129', 's129@student.edutrack.edu', 'Karim Alexandrian', '12345678', 'STU0129', 'Civil Engineering', 3.43, 'edutrack_main'),
('22530130', 's130@student.edutrack.edu', 'Nourhan El-Zamaleky', '12345678', 'STU0130', 'Electrical Engineering', 3.60, 'edutrack_main'),
('22530131', 's131@student.edutrack.edu', 'Abdel Rahman El-Matareya', '12345678', 'STU0131', 'Medicine', 3.77, 'edutrack_main'),
('22530132', 's132@student.edutrack.edu', 'Salma El-Behairy', '12345678', 'STU0132', 'Business Administration', 3.94, 'edutrack_main'),
('22530133', 's133@student.edutrack.edu', 'Yassin Alexandrian', '12345678', 'STU0133', 'Pharmacy', 2.61, 'edutrack_main'),
('22530134', 's134@student.edutrack.edu', 'Mai El-Zamaleky', '12345678', 'STU0134', 'Mathematics', 2.78, 'edutrack_main'),
('22530135', 's135@student.edutrack.edu', 'Taha El-Matareya', '12345678', 'STU0135', 'Physics', 2.95, 'edutrack_main'),
('22530136', 's136@student.edutrack.edu', 'Rahma El-Behairy', '12345678', 'STU0136', 'Arabic Language', 3.12, 'edutrack_main'),
('22530137', 's137@student.edutrack.edu', 'Hossam Alexandrian', '12345678', 'STU0137', 'Chemistry', 3.29, 'edutrack_main'),
('22530138', 's138@student.edutrack.edu', 'Shahd El-Zamaleky', '12345678', 'STU0138', 'Biology', 3.46, 'edutrack_main'),
('22530139', 's139@student.edutrack.edu', 'Anas El-Matareya', '12345678', 'STU0139', 'Accounting', 3.63, 'edutrack_main'),
('22530140', 's140@student.edutrack.edu', 'Basma El-Behairy', '12345678', 'STU0140', 'Marketing', 3.80, 'edutrack_main'),
('22530141', 's141@student.edutrack.edu', 'Malek Alexandrian', '12345678', 'STU0141', 'Computer Science', 3.97, 'edutrack_main'),
('22530142', 's142@student.edutrack.edu', 'Yara El-Zamaleky', '12345678', 'STU0142', 'Software Engineering', 2.64, 'edutrack_main'),
('22530143', 's143@student.edutrack.edu', 'Seif El-Matareya', '12345678', 'STU0143', 'Civil Engineering', 2.81, 'edutrack_main'),
('22530144', 's144@student.edutrack.edu', 'Layan El-Behairy', '12345678', 'STU0144', 'Electrical Engineering', 2.98, 'edutrack_main'),
('22530145', 's145@student.edutrack.edu', 'Omar Alexandrian', '12345678', 'STU0145', 'Medicine', 3.15, 'edutrack_main'),
('22530146', 's146@student.edutrack.edu', 'Tasneem El-Zamaleky', '12345678', 'STU0146', 'Business Administration', 3.32, 'edutrack_main'),
('22530147', 's147@student.edutrack.edu', 'Ziad El-Matareya', '12345678', 'STU0147', 'Pharmacy', 3.49, 'edutrack_main'),
('22530148', 's148@student.edutrack.edu', 'Judy El-Behairy', '12345678', 'STU0148', 'Mathematics', 3.66, 'edutrack_main'),
('22530149', 's149@student.edutrack.edu', 'Rami Alexandrian', '12345678', 'STU0149', 'Physics', 3.83, 'edutrack_main'),
('22530150', 's150@student.edutrack.edu', 'Nada El-Zamaleky', '12345678', 'STU0150', 'Arabic Language', 2.50, 'edutrack_main'),
('22530151', 's151@student.edutrack.edu', 'Adam El-Ghamry', '12345678', 'STU0151', 'Chemistry', 2.67, 'edutrack_main'),
('22530152', 's152@student.edutrack.edu', 'Malak El-Skandary', '12345678', 'STU0152', 'Biology', 2.84, 'edutrack_main'),
('22530153', 's153@student.edutrack.edu', 'Yahya El-Damanhoury', '12345678', 'STU0153', 'Accounting', 3.01, 'edutrack_main'),
('22530154', 's154@student.edutrack.edu', 'Jana El-Maadi', '12345678', 'STU0154', 'Marketing', 3.18, 'edutrack_main'),
('22530155', 's155@student.edutrack.edu', 'Ibrahim El-Ghamry', '12345678', 'STU0155', 'Computer Science', 3.35, 'edutrack_main'),
('22530156', 's156@student.edutrack.edu', 'Hiba El-Skandary', '12345678', 'STU0156', 'Software Engineering', 3.52, 'edutrack_main'),
('22530157', 's157@student.edutrack.edu', 'Mostafa El-Damanhoury', '12345678', 'STU0157', 'Civil Engineering', 3.69, 'edutrack_main'),
('22530158', 's158@student.edutrack.edu', 'Lara El-Maadi', '12345678', 'STU0158', 'Electrical Engineering', 3.86, 'edutrack_main'),
('22530159', 's159@student.edutrack.edu', 'Karim El-Ghamry', '12345678', 'STU0159', 'Medicine', 2.53, 'edutrack_main'),
('22530160', 's160@student.edutrack.edu', 'Nourhan El-Skandary', '12345678', 'STU0160', 'Business Administration', 2.70, 'edutrack_main');

INSERT INTO students (id, email, full_name, password_hash, student_id, major, gpa, university_id)
VALUES
('22530161', 's161@student.edutrack.edu', 'Abdel Rahman El-Damanhoury', '12345678', 'STU0161', 'Pharmacy', 2.87, 'edutrack_main'),
('22530162', 's162@student.edutrack.edu', 'Salma El-Maadi', '12345678', 'STU0162', 'Mathematics', 3.04, 'edutrack_main'),
('22530163', 's163@student.edutrack.edu', 'Yassin El-Ghamry', '12345678', 'STU0163', 'Physics', 3.21, 'edutrack_main'),
('22530164', 's164@student.edutrack.edu', 'Mai El-Skandary', '12345678', 'STU0164', 'Arabic Language', 3.38, 'edutrack_main'),
('22530165', 's165@student.edutrack.edu', 'Taha El-Damanhoury', '12345678', 'STU0165', 'Chemistry', 3.55, 'edutrack_main'),
('22530166', 's166@student.edutrack.edu', 'Rahma El-Maadi', '12345678', 'STU0166', 'Biology', 3.72, 'edutrack_main'),
('22530167', 's167@student.edutrack.edu', 'Hossam El-Ghamry', '12345678', 'STU0167', 'Accounting', 3.89, 'edutrack_main'),
('22530168', 's168@student.edutrack.edu', 'Shahd El-Skandary', '12345678', 'STU0168', 'Marketing', 2.56, 'edutrack_main'),
('22530169', 's169@student.edutrack.edu', 'Anas El-Damanhoury', '12345678', 'STU0169', 'Computer Science', 2.73, 'edutrack_main'),
('22530170', 's170@student.edutrack.edu', 'Basma El-Maadi', '12345678', 'STU0170', 'Software Engineering', 2.90, 'edutrack_main'),
('22530171', 's171@student.edutrack.edu', 'Malek El-Ghamry', '12345678', 'STU0171', 'Civil Engineering', 3.07, 'edutrack_main'),
('22530172', 's172@student.edutrack.edu', 'Yara El-Skandary', '12345678', 'STU0172', 'Electrical Engineering', 3.24, 'edutrack_main'),
('22530173', 's173@student.edutrack.edu', 'Seif El-Damanhoury', '12345678', 'STU0173', 'Medicine', 3.41, 'edutrack_main'),
('22530174', 's174@student.edutrack.edu', 'Layan El-Maadi', '12345678', 'STU0174', 'Business Administration', 3.58, 'edutrack_main'),
('22530175', 's175@student.edutrack.edu', 'Omar El-Ghamry', '12345678', 'STU0175', 'Pharmacy', 3.75, 'edutrack_main'),
('22530176', 's176@student.edutrack.edu', 'Tasneem El-Skandary', '12345678', 'STU0176', 'Mathematics', 3.92, 'edutrack_main'),
('22530177', 's177@student.edutrack.edu', 'Ziad El-Damanhoury', '12345678', 'STU0177', 'Physics', 2.59, 'edutrack_main'),
('22530178', 's178@student.edutrack.edu', 'Judy El-Maadi', '12345678', 'STU0178', 'Arabic Language', 2.76, 'edutrack_main'),
('22530179', 's179@student.edutrack.edu', 'Rami El-Ghamry', '12345678', 'STU0179', 'Chemistry', 2.93, 'edutrack_main'),
('22530180', 's180@student.edutrack.edu', 'Nada El-Skandary', '12345678', 'STU0180', 'Biology', 3.10, 'edutrack_main'),
('22530181', 's181@student.edutrack.edu', 'Adam Tantawy', '12345678', 'STU0181', 'Accounting', 3.27, 'edutrack_main'),
('22530182', 's182@student.edutrack.edu', 'Malak Madinet Nasr', '12345678', 'STU0182', 'Marketing', 3.44, 'edutrack_main'),
('22530183', 's183@student.edutrack.edu', 'Yahya El-Shazly', '12345678', 'STU0183', 'Computer Science', 3.61, 'edutrack_main'),
('22530184', 's184@student.edutrack.edu', 'Jana El-Qahiry', '12345678', 'STU0184', 'Software Engineering', 3.78, 'edutrack_main'),
('22530185', 's185@student.edutrack.edu', 'Ibrahim Tantawy', '12345678', 'STU0185', 'Civil Engineering', 3.95, 'edutrack_main'),
('22530186', 's186@student.edutrack.edu', 'Hiba Madinet Nasr', '12345678', 'STU0186', 'Electrical Engineering', 2.62, 'edutrack_main'),
('22530187', 's187@student.edutrack.edu', 'Mostafa El-Shazly', '12345678', 'STU0187', 'Medicine', 2.79, 'edutrack_main'),
('22530188', 's188@student.edutrack.edu', 'Lara El-Qahiry', '12345678', 'STU0188', 'Business Administration', 2.96, 'edutrack_main'),
('22530189', 's189@student.edutrack.edu', 'Karim Tantawy', '12345678', 'STU0189', 'Pharmacy', 3.13, 'edutrack_main'),
('22530190', 's190@student.edutrack.edu', 'Nourhan Madinet Nasr', '12345678', 'STU0190', 'Mathematics', 3.30, 'edutrack_main'),
('22530191', 's191@student.edutrack.edu', 'Abdel Rahman El-Shazly', '12345678', 'STU0191', 'Physics', 3.47, 'edutrack_main'),
('22530192', 's192@student.edutrack.edu', 'Salma El-Qahiry', '12345678', 'STU0192', 'Arabic Language', 3.64, 'edutrack_main'),
('22530193', 's193@student.edutrack.edu', 'Yassin Tantawy', '12345678', 'STU0193', 'Chemistry', 3.81, 'edutrack_main'),
('22530194', 's194@student.edutrack.edu', 'Mai Madinet Nasr', '12345678', 'STU0194', 'Biology', 3.98, 'edutrack_main'),
('22530195', 's195@student.edutrack.edu', 'Taha El-Shazly', '12345678', 'STU0195', 'Accounting', 2.65, 'edutrack_main'),
('22530196', 's196@student.edutrack.edu', 'Rahma El-Qahiry', '12345678', 'STU0196', 'Marketing', 2.82, 'edutrack_main'),
('22530197', 's197@student.edutrack.edu', 'Hossam Tantawy', '12345678', 'STU0197', 'Computer Science', 2.99, 'edutrack_main'),
('22530198', 's198@student.edutrack.edu', 'Shahd Madinet Nasr', '12345678', 'STU0198', 'Software Engineering', 3.16, 'edutrack_main'),
('22530199', 's199@student.edutrack.edu', 'Anas El-Shazly', '12345678', 'STU0199', 'Civil Engineering', 3.33, 'edutrack_main'),
('22530200', 's200@student.edutrack.edu', 'Basma El-Qahiry', '12345678', 'STU0200', 'Electrical Engineering', 3.50, 'edutrack_main');

INSERT INTO students (id, email, full_name, password_hash, student_id, major, gpa, university_id)
VALUES
('22530201', 's201@student.edutrack.edu', 'Malek Tantawy', '12345678', 'STU0201', 'Medicine', 3.67, 'edutrack_main'),
('22530202', 's202@student.edutrack.edu', 'Yara Madinet Nasr', '12345678', 'STU0202', 'Business Administration', 3.84, 'edutrack_main'),
('22530203', 's203@student.edutrack.edu', 'Seif El-Shazly', '12345678', 'STU0203', 'Pharmacy', 2.51, 'edutrack_main'),
('22530204', 's204@student.edutrack.edu', 'Layan El-Qahiry', '12345678', 'STU0204', 'Mathematics', 2.68, 'edutrack_main'),
('22530205', 's205@student.edutrack.edu', 'Omar Tantawy', '12345678', 'STU0205', 'Physics', 2.85, 'edutrack_main'),
('22530206', 's206@student.edutrack.edu', 'Tasneem Madinet Nasr', '12345678', 'STU0206', 'Arabic Language', 3.02, 'edutrack_main'),
('22530207', 's207@student.edutrack.edu', 'Ziad El-Shazly', '12345678', 'STU0207', 'Chemistry', 3.19, 'edutrack_main'),
('22530208', 's208@student.edutrack.edu', 'Judy El-Qahiry', '12345678', 'STU0208', 'Biology', 3.36, 'edutrack_main'),
('22530209', 's209@student.edutrack.edu', 'Rami Tantawy', '12345678', 'STU0209', 'Accounting', 3.53, 'edutrack_main'),
('22530210', 's210@student.edutrack.edu', 'Nada Madinet Nasr', '12345678', 'STU0210', 'Marketing', 3.70, 'edutrack_main'),
('22530211', 's211@student.edutrack.edu', 'Adam Abdel Fattah', '12345678', 'STU0211', 'Computer Science', 3.87, 'edutrack_main'),
('22530212', 's212@student.edutrack.edu', 'Malak El-Gizawi', '12345678', 'STU0212', 'Software Engineering', 2.54, 'edutrack_main'),
('22530213', 's213@student.edutrack.edu', 'Yahya El-Zagazigy', '12345678', 'STU0213', 'Civil Engineering', 2.71, 'edutrack_main'),
('22530214', 's214@student.edutrack.edu', 'Jana El-Abbasiya', '12345678', 'STU0214', 'Electrical Engineering', 2.88, 'edutrack_main'),
('22530215', 's215@student.edutrack.edu', 'Ibrahim Abdel Fattah', '12345678', 'STU0215', 'Medicine', 3.05, 'edutrack_main'),
('22530216', 's216@student.edutrack.edu', 'Hiba El-Gizawi', '12345678', 'STU0216', 'Business Administration', 3.22, 'edutrack_main'),
('22530217', 's217@student.edutrack.edu', 'Mostafa El-Zagazigy', '12345678', 'STU0217', 'Pharmacy', 3.39, 'edutrack_main'),
('22530218', 's218@student.edutrack.edu', 'Lara El-Abbasiya', '12345678', 'STU0218', 'Mathematics', 3.56, 'edutrack_main'),
('22530219', 's219@student.edutrack.edu', 'Karim Abdel Fattah', '12345678', 'STU0219', 'Physics', 3.73, 'edutrack_main'),
('22530220', 's220@student.edutrack.edu', 'Nourhan El-Gizawi', '12345678', 'STU0220', 'Arabic Language', 3.90, 'edutrack_main'),
('22530221', 's221@student.edutrack.edu', 'Abdel Rahman El-Zagazigy', '12345678', 'STU0221', 'Chemistry', 2.57, 'edutrack_main'),
('22530222', 's222@student.edutrack.edu', 'Salma El-Abbasiya', '12345678', 'STU0222', 'Biology', 2.74, 'edutrack_main'),
('22530223', 's223@student.edutrack.edu', 'Yassin Abdel Fattah', '12345678', 'STU0223', 'Accounting', 2.91, 'edutrack_main'),
('22530224', 's224@student.edutrack.edu', 'Mai El-Gizawi', '12345678', 'STU0224', 'Marketing', 3.08, 'edutrack_main'),
('22530225', 's225@student.edutrack.edu', 'Taha El-Zagazigy', '12345678', 'STU0225', 'Computer Science', 3.25, 'edutrack_main'),
('22530226', 's226@student.edutrack.edu', 'Rahma El-Abbasiya', '12345678', 'STU0226', 'Software Engineering', 3.42, 'edutrack_main'),
('22530227', 's227@student.edutrack.edu', 'Hossam Abdel Fattah', '12345678', 'STU0227', 'Civil Engineering', 3.59, 'edutrack_main'),
('22530228', 's228@student.edutrack.edu', 'Shahd El-Gizawi', '12345678', 'STU0228', 'Electrical Engineering', 3.76, 'edutrack_main'),
('22530229', 's229@student.edutrack.edu', 'Anas El-Zagazigy', '12345678', 'STU0229', 'Medicine', 3.93, 'edutrack_main'),
('22530230', 's230@student.edutrack.edu', 'Basma El-Abbasiya', '12345678', 'STU0230', 'Business Administration', 2.60, 'edutrack_main'),
('22530231', 's231@student.edutrack.edu', 'Malek Abdel Fattah', '12345678', 'STU0231', 'Pharmacy', 2.77, 'edutrack_main'),
('22530232', 's232@student.edutrack.edu', 'Yara El-Gizawi', '12345678', 'STU0232', 'Mathematics', 2.94, 'edutrack_main'),
('22530233', 's233@student.edutrack.edu', 'Seif El-Zagazigy', '12345678', 'STU0233', 'Physics', 3.11, 'edutrack_main'),
('22530234', 's234@student.edutrack.edu', 'Layan El-Abbasiya', '12345678', 'STU0234', 'Arabic Language', 3.28, 'edutrack_main'),
('22530235', 's235@student.edutrack.edu', 'Omar Abdel Fattah', '12345678', 'STU0235', 'Chemistry', 3.45, 'edutrack_main'),
('22530236', 's236@student.edutrack.edu', 'Tasneem El-Gizawi', '12345678', 'STU0236', 'Biology', 3.62, 'edutrack_main'),
('22530237', 's237@student.edutrack.edu', 'Ziad El-Zagazigy', '12345678', 'STU0237', 'Accounting', 3.79, 'edutrack_main'),
('22530238', 's238@student.edutrack.edu', 'Judy El-Abbasiya', '12345678', 'STU0238', 'Marketing', 3.96, 'edutrack_main'),
('22530239', 's239@student.edutrack.edu', 'Rami Abdel Fattah', '12345678', 'STU0239', 'Computer Science', 2.63, 'edutrack_main'),
('22530240', 's240@student.edutrack.edu', 'Nada El-Gizawi', '12345678', 'STU0240', 'Software Engineering', 2.80, 'edutrack_main');

INSERT INTO students (id, email, full_name, password_hash, student_id, major, gpa, university_id)
VALUES
('22530241', 's241@student.edutrack.edu', 'Adam El-Mansoury', '12345678', 'STU0241', 'Civil Engineering', 2.97, 'edutrack_main'),
('22530242', 's242@student.edutrack.edu', 'Malak Shubra', '12345678', 'STU0242', 'Electrical Engineering', 3.14, 'edutrack_main'),
('22530243', 's243@student.edutrack.edu', 'Yahya El-Menoufi', '12345678', 'STU0243', 'Medicine', 3.31, 'edutrack_main'),
('22530244', 's244@student.edutrack.edu', 'Jana El-Fayoumi', '12345678', 'STU0244', 'Business Administration', 3.48, 'edutrack_main'),
('22530245', 's245@student.edutrack.edu', 'Ibrahim El-Mansoury', '12345678', 'STU0245', 'Pharmacy', 3.65, 'edutrack_main'),
('22530246', 's246@student.edutrack.edu', 'Hiba Shubra', '12345678', 'STU0246', 'Mathematics', 3.82, 'edutrack_main'),
('22530247', 's247@student.edutrack.edu', 'Mostafa El-Menoufi', '12345678', 'STU0247', 'Physics', 3.99, 'edutrack_main'),
('22530248', 's248@student.edutrack.edu', 'Lara El-Fayoumi', '12345678', 'STU0248', 'Arabic Language', 2.66, 'edutrack_main'),
('22530249', 's249@student.edutrack.edu', 'Karim El-Mansoury', '12345678', 'STU0249', 'Chemistry', 2.83, 'edutrack_main'),
('22530250', 's250@student.edutrack.edu', 'Nourhan Shubra', '12345678', 'STU0250', 'Biology', 3.00, 'edutrack_main'),
('22530251', 's251@student.edutrack.edu', 'Abdel Rahman El-Menoufi', '12345678', 'STU0251', 'Accounting', 3.17, 'edutrack_main'),
('22530252', 's252@student.edutrack.edu', 'Salma El-Fayoumi', '12345678', 'STU0252', 'Marketing', 3.34, 'edutrack_main'),
('22530253', 's253@student.edutrack.edu', 'Yassin El-Mansoury', '12345678', 'STU0253', 'Computer Science', 3.51, 'edutrack_main'),
('22530254', 's254@student.edutrack.edu', 'Mai Shubra', '12345678', 'STU0254', 'Software Engineering', 3.68, 'edutrack_main'),
('22530255', 's255@student.edutrack.edu', 'Taha El-Menoufi', '12345678', 'STU0255', 'Civil Engineering', 3.85, 'edutrack_main'),
('22530256', 's256@student.edutrack.edu', 'Rahma El-Fayoumi', '12345678', 'STU0256', 'Electrical Engineering', 2.52, 'edutrack_main'),
('22530257', 's257@student.edutrack.edu', 'Hossam El-Mansoury', '12345678', 'STU0257', 'Medicine', 2.69, 'edutrack_main'),
('22530258', 's258@student.edutrack.edu', 'Shahd Shubra', '12345678', 'STU0258', 'Business Administration', 2.86, 'edutrack_main'),
('22530259', 's259@student.edutrack.edu', 'Anas El-Menoufi', '12345678', 'STU0259', 'Pharmacy', 3.03, 'edutrack_main'),
('22530260', 's260@student.edutrack.edu', 'Basma El-Fayoumi', '12345678', 'STU0260', 'Mathematics', 3.20, 'edutrack_main'),
('22530261', 's261@student.edutrack.edu', 'Malek El-Mansoury', '12345678', 'STU0261', 'Physics', 3.37, 'edutrack_main'),
('22530262', 's262@student.edutrack.edu', 'Yara Shubra', '12345678', 'STU0262', 'Arabic Language', 3.54, 'edutrack_main'),
('22530263', 's263@student.edutrack.edu', 'Seif El-Menoufi', '12345678', 'STU0263', 'Chemistry', 3.71, 'edutrack_main'),
('22530264', 's264@student.edutrack.edu', 'Layan El-Fayoumi', '12345678', 'STU0264', 'Biology', 3.88, 'edutrack_main'),
('22530265', 's265@student.edutrack.edu', 'Omar El-Mansoury', '12345678', 'STU0265', 'Accounting', 2.55, 'edutrack_main'),
('22530266', 's266@student.edutrack.edu', 'Tasneem Shubra', '12345678', 'STU0266', 'Marketing', 2.72, 'edutrack_main'),
('22530267', 's267@student.edutrack.edu', 'Ziad El-Menoufi', '12345678', 'STU0267', 'Computer Science', 2.89, 'edutrack_main'),
('22530268', 's268@student.edutrack.edu', 'Judy El-Fayoumi', '12345678', 'STU0268', 'Software Engineering', 3.06, 'edutrack_main'),
('22530269', 's269@student.edutrack.edu', 'Rami El-Mansoury', '12345678', 'STU0269', 'Civil Engineering', 3.23, 'edutrack_main'),
('22530270', 's270@student.edutrack.edu', 'Nada Shubra', '12345678', 'STU0270', 'Electrical Engineering', 3.40, 'edutrack_main'),
('22530271', 's271@student.edutrack.edu', 'Adam El-Behairy', '12345678', 'STU0271', 'Medicine', 3.57, 'edutrack_main'),
('22530272', 's272@student.edutrack.edu', 'Malak Alexandrian', '12345678', 'STU0272', 'Business Administration', 3.74, 'edutrack_main'),
('22530273', 's273@student.edutrack.edu', 'Yahya El-Zamaleky', '12345678', 'STU0273', 'Pharmacy', 3.91, 'edutrack_main'),
('22530274', 's274@student.edutrack.edu', 'Jana El-Matareya', '12345678', 'STU0274', 'Mathematics', 2.58, 'edutrack_main'),
('22530275', 's275@student.edutrack.edu', 'Ibrahim El-Behairy', '12345678', 'STU0275', 'Physics', 2.75, 'edutrack_main'),
('22530276', 's276@student.edutrack.edu', 'Hiba Alexandrian', '12345678', 'STU0276', 'Arabic Language', 2.92, 'edutrack_main'),
('22530277', 's277@student.edutrack.edu', 'Mostafa El-Zamaleky', '12345678', 'STU0277', 'Chemistry', 3.09, 'edutrack_main'),
('22530278', 's278@student.edutrack.edu', 'Lara El-Matareya', '12345678', 'STU0278', 'Biology', 3.26, 'edutrack_main'),
('22530279', 's279@student.edutrack.edu', 'Karim El-Behairy', '12345678', 'STU0279', 'Accounting', 3.43, 'edutrack_main'),
('22530280', 's280@student.edutrack.edu', 'Nourhan Alexandrian', '12345678', 'STU0280', 'Marketing', 3.60, 'edutrack_main');

INSERT INTO students (id, email, full_name, password_hash, student_id, major, gpa, university_id)
VALUES
('22530281', 's281@student.edutrack.edu', 'Abdel Rahman El-Zamaleky', '12345678', 'STU0281', 'Computer Science', 3.77, 'edutrack_main'),
('22530282', 's282@student.edutrack.edu', 'Salma El-Matareya', '12345678', 'STU0282', 'Software Engineering', 3.94, 'edutrack_main'),
('22530283', 's283@student.edutrack.edu', 'Yassin El-Behairy', '12345678', 'STU0283', 'Civil Engineering', 2.61, 'edutrack_main'),
('22530284', 's284@student.edutrack.edu', 'Mai Alexandrian', '12345678', 'STU0284', 'Electrical Engineering', 2.78, 'edutrack_main'),
('22530285', 's285@student.edutrack.edu', 'Taha El-Zamaleky', '12345678', 'STU0285', 'Medicine', 2.95, 'edutrack_main'),
('22530286', 's286@student.edutrack.edu', 'Rahma El-Matareya', '12345678', 'STU0286', 'Business Administration', 3.12, 'edutrack_main'),
('22530287', 's287@student.edutrack.edu', 'Hossam El-Behairy', '12345678', 'STU0287', 'Pharmacy', 3.29, 'edutrack_main'),
('22530288', 's288@student.edutrack.edu', 'Shahd Alexandrian', '12345678', 'STU0288', 'Mathematics', 3.46, 'edutrack_main'),
('22530289', 's289@student.edutrack.edu', 'Anas El-Zamaleky', '12345678', 'STU0289', 'Physics', 3.63, 'edutrack_main'),
('22530290', 's290@student.edutrack.edu', 'Basma El-Matareya', '12345678', 'STU0290', 'Arabic Language', 3.80, 'edutrack_main'),
('22530291', 's291@student.edutrack.edu', 'Malek El-Behairy', '12345678', 'STU0291', 'Chemistry', 3.97, 'edutrack_main'),
('22530292', 's292@student.edutrack.edu', 'Yara Alexandrian', '12345678', 'STU0292', 'Biology', 2.64, 'edutrack_main'),
('22530293', 's293@student.edutrack.edu', 'Seif El-Zamaleky', '12345678', 'STU0293', 'Accounting', 2.81, 'edutrack_main'),
('22530294', 's294@student.edutrack.edu', 'Layan El-Matareya', '12345678', 'STU0294', 'Marketing', 2.98, 'edutrack_main'),
('22530295', 's295@student.edutrack.edu', 'Omar El-Behairy', '12345678', 'STU0295', 'Computer Science', 3.15, 'edutrack_main'),
('22530296', 's296@student.edutrack.edu', 'Tasneem Alexandrian', '12345678', 'STU0296', 'Software Engineering', 3.32, 'edutrack_main'),
('22530297', 's297@student.edutrack.edu', 'Ziad El-Zamaleky', '12345678', 'STU0297', 'Civil Engineering', 3.49, 'edutrack_main'),
('22530298', 's298@student.edutrack.edu', 'Judy El-Matareya', '12345678', 'STU0298', 'Electrical Engineering', 3.66, 'edutrack_main'),
('22530299', 's299@student.edutrack.edu', 'Rami El-Behairy', '12345678', 'STU0299', 'Medicine', 3.83, 'edutrack_main'),
('22530300', 's300@student.edutrack.edu', 'Nada Alexandrian', '12345678', 'STU0300', 'Business Administration', 2.50, 'edutrack_main'),
('22530301', 's301@student.edutrack.edu', 'Adam El-Maadi', '12345678', 'STU0301', 'Pharmacy', 2.67, 'edutrack_main'),
('22530302', 's302@student.edutrack.edu', 'Malak El-Ghamry', '12345678', 'STU0302', 'Mathematics', 2.84, 'edutrack_main'),
('22530303', 's303@student.edutrack.edu', 'Yahya El-Skandary', '12345678', 'STU0303', 'Physics', 3.01, 'edutrack_main'),
('22530304', 's304@student.edutrack.edu', 'Jana El-Damanhoury', '12345678', 'STU0304', 'Arabic Language', 3.18, 'edutrack_main'),
('22530305', 's305@student.edutrack.edu', 'Ibrahim El-Maadi', '12345678', 'STU0305', 'Chemistry', 3.35, 'edutrack_main'),
('22530306', 's306@student.edutrack.edu', 'Hiba El-Ghamry', '12345678', 'STU0306', 'Biology', 3.52, 'edutrack_main'),
('22530307', 's307@student.edutrack.edu', 'Mostafa El-Skandary', '12345678', 'STU0307', 'Accounting', 3.69, 'edutrack_main'),
('22530308', 's308@student.edutrack.edu', 'Lara El-Damanhoury', '12345678', 'STU0308', 'Marketing', 3.86, 'edutrack_main'),
('22530309', 's309@student.edutrack.edu', 'Karim El-Maadi', '12345678', 'STU0309', 'Computer Science', 2.53, 'edutrack_main'),
('22530310', 's310@student.edutrack.edu', 'Nourhan El-Ghamry', '12345678', 'STU0310', 'Software Engineering', 2.70, 'edutrack_main'),
('22530311', 's311@student.edutrack.edu', 'Abdel Rahman El-Skandary', '12345678', 'STU0311', 'Civil Engineering', 2.87, 'edutrack_main'),
('22530312', 's312@student.edutrack.edu', 'Salma El-Damanhoury', '12345678', 'STU0312', 'Electrical Engineering', 3.04, 'edutrack_main'),
('22530313', 's313@student.edutrack.edu', 'Yassin El-Maadi', '12345678', 'STU0313', 'Medicine', 3.21, 'edutrack_main'),
('22530314', 's314@student.edutrack.edu', 'Mai El-Ghamry', '12345678', 'STU0314', 'Business Administration', 3.38, 'edutrack_main'),
('22530315', 's315@student.edutrack.edu', 'Taha El-Skandary', '12345678', 'STU0315', 'Pharmacy', 3.55, 'edutrack_main'),
('22530316', 's316@student.edutrack.edu', 'Rahma El-Damanhoury', '12345678', 'STU0316', 'Mathematics', 3.72, 'edutrack_main'),
('22530317', 's317@student.edutrack.edu', 'Hossam El-Maadi', '12345678', 'STU0317', 'Physics', 3.89, 'edutrack_main'),
('22530318', 's318@student.edutrack.edu', 'Shahd El-Ghamry', '12345678', 'STU0318', 'Arabic Language', 2.56, 'edutrack_main'),
('22530319', 's319@student.edutrack.edu', 'Anas El-Skandary', '12345678', 'STU0319', 'Chemistry', 2.73, 'edutrack_main'),
('22530320', 's320@student.edutrack.edu', 'Basma El-Damanhoury', '12345678', 'STU0320', 'Biology', 2.90, 'edutrack_main');

INSERT INTO students (id, email, full_name, password_hash, student_id, major, gpa, university_id)
VALUES
('22530321', 's321@student.edutrack.edu', 'Malek El-Maadi', '12345678', 'STU0321', 'Accounting', 3.07, 'edutrack_main'),
('22530322', 's322@student.edutrack.edu', 'Yara El-Ghamry', '12345678', 'STU0322', 'Marketing', 3.24, 'edutrack_main'),
('22530323', 's323@student.edutrack.edu', 'Seif El-Skandary', '12345678', 'STU0323', 'Computer Science', 3.41, 'edutrack_main'),
('22530324', 's324@student.edutrack.edu', 'Layan El-Damanhoury', '12345678', 'STU0324', 'Software Engineering', 3.58, 'edutrack_main'),
('22530325', 's325@student.edutrack.edu', 'Omar El-Maadi', '12345678', 'STU0325', 'Civil Engineering', 3.75, 'edutrack_main'),
('22530326', 's326@student.edutrack.edu', 'Tasneem El-Ghamry', '12345678', 'STU0326', 'Electrical Engineering', 3.92, 'edutrack_main'),
('22530327', 's327@student.edutrack.edu', 'Ziad El-Skandary', '12345678', 'STU0327', 'Medicine', 2.59, 'edutrack_main'),
('22530328', 's328@student.edutrack.edu', 'Judy El-Damanhoury', '12345678', 'STU0328', 'Business Administration', 2.76, 'edutrack_main'),
('22530329', 's329@student.edutrack.edu', 'Rami El-Maadi', '12345678', 'STU0329', 'Pharmacy', 2.93, 'edutrack_main'),
('22530330', 's330@student.edutrack.edu', 'Nada El-Ghamry', '12345678', 'STU0330', 'Mathematics', 3.10, 'edutrack_main'),
('22530331', 's331@student.edutrack.edu', 'Adam El-Qahiry', '12345678', 'STU0331', 'Physics', 3.27, 'edutrack_main'),
('22530332', 's332@student.edutrack.edu', 'Malak Tantawy', '12345678', 'STU0332', 'Arabic Language', 3.44, 'edutrack_main'),
('22530333', 's333@student.edutrack.edu', 'Yahya Madinet Nasr', '12345678', 'STU0333', 'Chemistry', 3.61, 'edutrack_main'),
('22530334', 's334@student.edutrack.edu', 'Jana El-Shazly', '12345678', 'STU0334', 'Biology', 3.78, 'edutrack_main'),
('22530335', 's335@student.edutrack.edu', 'Ibrahim El-Qahiry', '12345678', 'STU0335', 'Accounting', 3.95, 'edutrack_main'),
('22530336', 's336@student.edutrack.edu', 'Hiba Tantawy', '12345678', 'STU0336', 'Marketing', 2.62, 'edutrack_main'),
('22530337', 's337@student.edutrack.edu', 'Mostafa Madinet Nasr', '12345678', 'STU0337', 'Computer Science', 2.79, 'edutrack_main'),
('22530338', 's338@student.edutrack.edu', 'Lara El-Shazly', '12345678', 'STU0338', 'Software Engineering', 2.96, 'edutrack_main'),
('22530339', 's339@student.edutrack.edu', 'Karim El-Qahiry', '12345678', 'STU0339', 'Civil Engineering', 3.13, 'edutrack_main'),
('22530340', 's340@student.edutrack.edu', 'Nourhan Tantawy', '12345678', 'STU0340', 'Electrical Engineering', 3.30, 'edutrack_main'),
('22530341', 's341@student.edutrack.edu', 'Abdel Rahman Madinet Nasr', '12345678', 'STU0341', 'Medicine', 3.47, 'edutrack_main'),
('22530342', 's342@student.edutrack.edu', 'Salma El-Shazly', '12345678', 'STU0342', 'Business Administration', 3.64, 'edutrack_main'),
('22530343', 's343@student.edutrack.edu', 'Yassin El-Qahiry', '12345678', 'STU0343', 'Pharmacy', 3.81, 'edutrack_main'),
('22530344', 's344@student.edutrack.edu', 'Mai Tantawy', '12345678', 'STU0344', 'Mathematics', 3.98, 'edutrack_main'),
('22530345', 's345@student.edutrack.edu', 'Taha Madinet Nasr', '12345678', 'STU0345', 'Physics', 2.65, 'edutrack_main'),
('22530346', 's346@student.edutrack.edu', 'Rahma El-Shazly', '12345678', 'STU0346', 'Arabic Language', 2.82, 'edutrack_main'),
('22530347', 's347@student.edutrack.edu', 'Hossam El-Qahiry', '12345678', 'STU0347', 'Chemistry', 2.99, 'edutrack_main'),
('22530348', 's348@student.edutrack.edu', 'Shahd Tantawy', '12345678', 'STU0348', 'Biology', 3.16, 'edutrack_main'),
('22530349', 's349@student.edutrack.edu', 'Anas Madinet Nasr', '12345678', 'STU0349', 'Accounting', 3.33, 'edutrack_main'),
('22530350', 's350@student.edutrack.edu', 'Basma El-Shazly', '12345678', 'STU0350', 'Marketing', 3.50, 'edutrack_main'),
('22530351', 's351@student.edutrack.edu', 'Malek El-Qahiry', '12345678', 'STU0351', 'Computer Science', 3.67, 'edutrack_main'),
('22530352', 's352@student.edutrack.edu', 'Yara Tantawy', '12345678', 'STU0352', 'Software Engineering', 3.84, 'edutrack_main'),
('22530353', 's353@student.edutrack.edu', 'Seif Madinet Nasr', '12345678', 'STU0353', 'Civil Engineering', 2.51, 'edutrack_main'),
('22530354', 's354@student.edutrack.edu', 'Layan El-Shazly', '12345678', 'STU0354', 'Electrical Engineering', 2.68, 'edutrack_main'),
('22530355', 's355@student.edutrack.edu', 'Omar El-Qahiry', '12345678', 'STU0355', 'Medicine', 2.85, 'edutrack_main'),
('22530356', 's356@student.edutrack.edu', 'Tasneem Tantawy', '12345678', 'STU0356', 'Business Administration', 3.02, 'edutrack_main'),
('22530357', 's357@student.edutrack.edu', 'Ziad Madinet Nasr', '12345678', 'STU0357', 'Pharmacy', 3.19, 'edutrack_main'),
('22530358', 's358@student.edutrack.edu', 'Judy El-Shazly', '12345678', 'STU0358', 'Mathematics', 3.36, 'edutrack_main'),
('22530359', 's359@student.edutrack.edu', 'Rami El-Qahiry', '12345678', 'STU0359', 'Physics', 3.53, 'edutrack_main'),
('22530360', 's360@student.edutrack.edu', 'Nada Tantawy', '12345678', 'STU0360', 'Arabic Language', 3.70, 'edutrack_main');

INSERT INTO students (id, email, full_name, password_hash, student_id, major, gpa, university_id)
VALUES
('22530361', 's361@student.edutrack.edu', 'Adam El-Abbasiya', '12345678', 'STU0361', 'Chemistry', 3.87, 'edutrack_main'),
('22530362', 's362@student.edutrack.edu', 'Malak Abdel Fattah', '12345678', 'STU0362', 'Biology', 2.54, 'edutrack_main'),
('22530363', 's363@student.edutrack.edu', 'Yahya El-Gizawi', '12345678', 'STU0363', 'Accounting', 2.71, 'edutrack_main'),
('22530364', 's364@student.edutrack.edu', 'Jana El-Zagazigy', '12345678', 'STU0364', 'Marketing', 2.88, 'edutrack_main'),
('22530365', 's365@student.edutrack.edu', 'Ibrahim El-Abbasiya', '12345678', 'STU0365', 'Computer Science', 3.05, 'edutrack_main'),
('22530366', 's366@student.edutrack.edu', 'Hiba Abdel Fattah', '12345678', 'STU0366', 'Software Engineering', 3.22, 'edutrack_main'),
('22530367', 's367@student.edutrack.edu', 'Mostafa El-Gizawi', '12345678', 'STU0367', 'Civil Engineering', 3.39, 'edutrack_main'),
('22530368', 's368@student.edutrack.edu', 'Lara El-Zagazigy', '12345678', 'STU0368', 'Electrical Engineering', 3.56, 'edutrack_main'),
('22530369', 's369@student.edutrack.edu', 'Karim El-Abbasiya', '12345678', 'STU0369', 'Medicine', 3.73, 'edutrack_main'),
('22530370', 's370@student.edutrack.edu', 'Nourhan Abdel Fattah', '12345678', 'STU0370', 'Business Administration', 3.90, 'edutrack_main'),
('22530371', 's371@student.edutrack.edu', 'Abdel Rahman El-Gizawi', '12345678', 'STU0371', 'Pharmacy', 2.57, 'edutrack_main'),
('22530372', 's372@student.edutrack.edu', 'Salma El-Zagazigy', '12345678', 'STU0372', 'Mathematics', 2.74, 'edutrack_main'),
('22530373', 's373@student.edutrack.edu', 'Yassin El-Abbasiya', '12345678', 'STU0373', 'Physics', 2.91, 'edutrack_main'),
('22530374', 's374@student.edutrack.edu', 'Mai Abdel Fattah', '12345678', 'STU0374', 'Arabic Language', 3.08, 'edutrack_main'),
('22530375', 's375@student.edutrack.edu', 'Taha El-Gizawi', '12345678', 'STU0375', 'Chemistry', 3.25, 'edutrack_main'),
('22530376', 's376@student.edutrack.edu', 'Rahma El-Zagazigy', '12345678', 'STU0376', 'Biology', 3.42, 'edutrack_main'),
('22530377', 's377@student.edutrack.edu', 'Hossam El-Abbasiya', '12345678', 'STU0377', 'Accounting', 3.59, 'edutrack_main'),
('22530378', 's378@student.edutrack.edu', 'Shahd Abdel Fattah', '12345678', 'STU0378', 'Marketing', 3.76, 'edutrack_main'),
('22530379', 's379@student.edutrack.edu', 'Anas El-Gizawi', '12345678', 'STU0379', 'Computer Science', 3.93, 'edutrack_main'),
('22530380', 's380@student.edutrack.edu', 'Basma El-Zagazigy', '12345678', 'STU0380', 'Software Engineering', 2.60, 'edutrack_main'),
('22530381', 's381@student.edutrack.edu', 'Malek El-Abbasiya', '12345678', 'STU0381', 'Civil Engineering', 2.77, 'edutrack_main'),
('22530382', 's382@student.edutrack.edu', 'Yara Abdel Fattah', '12345678', 'STU0382', 'Electrical Engineering', 2.94, 'edutrack_main'),
('22530383', 's383@student.edutrack.edu', 'Seif El-Gizawi', '12345678', 'STU0383', 'Medicine', 3.11, 'edutrack_main'),
('22530384', 's384@student.edutrack.edu', 'Layan El-Zagazigy', '12345678', 'STU0384', 'Business Administration', 3.28, 'edutrack_main'),
('22530385', 's385@student.edutrack.edu', 'Omar El-Abbasiya', '12345678', 'STU0385', 'Pharmacy', 3.45, 'edutrack_main'),
('22530386', 's386@student.edutrack.edu', 'Tasneem Abdel Fattah', '12345678', 'STU0386', 'Mathematics', 3.62, 'edutrack_main'),
('22530387', 's387@student.edutrack.edu', 'Ziad El-Gizawi', '12345678', 'STU0387', 'Physics', 3.79, 'edutrack_main'),
('22530388', 's388@student.edutrack.edu', 'Judy El-Zagazigy', '12345678', 'STU0388', 'Arabic Language', 3.96, 'edutrack_main'),
('22530389', 's389@student.edutrack.edu', 'Rami El-Abbasiya', '12345678', 'STU0389', 'Chemistry', 2.63, 'edutrack_main'),
('22530390', 's390@student.edutrack.edu', 'Nada Abdel Fattah', '12345678', 'STU0390', 'Biology', 2.80, 'edutrack_main'),
('22530391', 's391@student.edutrack.edu', 'Adam El-Fayoumi', '12345678', 'STU0391', 'Accounting', 2.97, 'edutrack_main'),
('22530392', 's392@student.edutrack.edu', 'Malak El-Mansoury', '12345678', 'STU0392', 'Marketing', 3.14, 'edutrack_main'),
('22530393', 's393@student.edutrack.edu', 'Yahya Shubra', '12345678', 'STU0393', 'Computer Science', 3.31, 'edutrack_main'),
('22530394', 's394@student.edutrack.edu', 'Jana El-Menoufi', '12345678', 'STU0394', 'Software Engineering', 3.48, 'edutrack_main'),
('22530395', 's395@student.edutrack.edu', 'Ibrahim El-Fayoumi', '12345678', 'STU0395', 'Civil Engineering', 3.65, 'edutrack_main'),
('22530396', 's396@student.edutrack.edu', 'Hiba El-Mansoury', '12345678', 'STU0396', 'Electrical Engineering', 3.82, 'edutrack_main'),
('22530397', 's397@student.edutrack.edu', 'Mostafa Shubra', '12345678', 'STU0397', 'Medicine', 3.99, 'edutrack_main'),
('22530398', 's398@student.edutrack.edu', 'Lara El-Menoufi', '12345678', 'STU0398', 'Business Administration', 2.66, 'edutrack_main'),
('22530399', 's399@student.edutrack.edu', 'Karim El-Fayoumi', '12345678', 'STU0399', 'Pharmacy', 2.83, 'edutrack_main'),
('22530400', 's400@student.edutrack.edu', 'Nourhan El-Mansoury', '12345678', 'STU0400', 'Mathematics', 3.00, 'edutrack_main');

INSERT INTO students (id, email, full_name, password_hash, student_id, major, gpa, university_id)
VALUES
('22530401', 's401@student.edutrack.edu', 'Abdel Rahman Shubra', '12345678', 'STU0401', 'Physics', 3.17, 'edutrack_main'),
('22530402', 's402@student.edutrack.edu', 'Salma El-Menoufi', '12345678', 'STU0402', 'Arabic Language', 3.34, 'edutrack_main'),
('22530403', 's403@student.edutrack.edu', 'Yassin El-Fayoumi', '12345678', 'STU0403', 'Chemistry', 3.51, 'edutrack_main'),
('22530404', 's404@student.edutrack.edu', 'Mai El-Mansoury', '12345678', 'STU0404', 'Biology', 3.68, 'edutrack_main'),
('22530405', 's405@student.edutrack.edu', 'Taha Shubra', '12345678', 'STU0405', 'Accounting', 3.85, 'edutrack_main'),
('22530406', 's406@student.edutrack.edu', 'Rahma El-Menoufi', '12345678', 'STU0406', 'Marketing', 2.52, 'edutrack_main'),
('22530407', 's407@student.edutrack.edu', 'Hossam El-Fayoumi', '12345678', 'STU0407', 'Computer Science', 2.69, 'edutrack_main'),
('22530408', 's408@student.edutrack.edu', 'Shahd El-Mansoury', '12345678', 'STU0408', 'Software Engineering', 2.86, 'edutrack_main'),
('22530409', 's409@student.edutrack.edu', 'Anas Shubra', '12345678', 'STU0409', 'Civil Engineering', 3.03, 'edutrack_main'),
('22530410', 's410@student.edutrack.edu', 'Basma El-Menoufi', '12345678', 'STU0410', 'Electrical Engineering', 3.20, 'edutrack_main'),
('22530411', 's411@student.edutrack.edu', 'Malek El-Fayoumi', '12345678', 'STU0411', 'Medicine', 3.37, 'edutrack_main'),
('22530412', 's412@student.edutrack.edu', 'Yara El-Mansoury', '12345678', 'STU0412', 'Business Administration', 3.54, 'edutrack_main'),
('22530413', 's413@student.edutrack.edu', 'Seif Shubra', '12345678', 'STU0413', 'Pharmacy', 3.71, 'edutrack_main'),
('22530414', 's414@student.edutrack.edu', 'Layan El-Menoufi', '12345678', 'STU0414', 'Mathematics', 3.88, 'edutrack_main'),
('22530415', 's415@student.edutrack.edu', 'Omar El-Fayoumi', '12345678', 'STU0415', 'Physics', 2.55, 'edutrack_main'),
('22530416', 's416@student.edutrack.edu', 'Tasneem El-Mansoury', '12345678', 'STU0416', 'Arabic Language', 2.72, 'edutrack_main'),
('22530417', 's417@student.edutrack.edu', 'Ziad Shubra', '12345678', 'STU0417', 'Chemistry', 2.89, 'edutrack_main'),
('22530418', 's418@student.edutrack.edu', 'Judy El-Menoufi', '12345678', 'STU0418', 'Biology', 3.06, 'edutrack_main'),
('22530419', 's419@student.edutrack.edu', 'Rami El-Fayoumi', '12345678', 'STU0419', 'Accounting', 3.23, 'edutrack_main'),
('22530420', 's420@student.edutrack.edu', 'Nada El-Mansoury', '12345678', 'STU0420', 'Marketing', 3.40, 'edutrack_main'),
('22530421', 's421@student.edutrack.edu', 'Adam El-Matareya', '12345678', 'STU0421', 'Computer Science', 3.57, 'edutrack_main'),
('22530422', 's422@student.edutrack.edu', 'Malak El-Behairy', '12345678', 'STU0422', 'Software Engineering', 3.74, 'edutrack_main'),
('22530423', 's423@student.edutrack.edu', 'Yahya Alexandrian', '12345678', 'STU0423', 'Civil Engineering', 3.91, 'edutrack_main'),
('22530424', 's424@student.edutrack.edu', 'Jana El-Zamaleky', '12345678', 'STU0424', 'Electrical Engineering', 2.58, 'edutrack_main'),
('22530425', 's425@student.edutrack.edu', 'Ibrahim El-Matareya', '12345678', 'STU0425', 'Medicine', 2.75, 'edutrack_main'),
('22530426', 's426@student.edutrack.edu', 'Hiba El-Behairy', '12345678', 'STU0426', 'Business Administration', 2.92, 'edutrack_main'),
('22530427', 's427@student.edutrack.edu', 'Mostafa Alexandrian', '12345678', 'STU0427', 'Pharmacy', 3.09, 'edutrack_main'),
('22530428', 's428@student.edutrack.edu', 'Lara El-Zamaleky', '12345678', 'STU0428', 'Mathematics', 3.26, 'edutrack_main'),
('22530429', 's429@student.edutrack.edu', 'Karim El-Matareya', '12345678', 'STU0429', 'Physics', 3.43, 'edutrack_main'),
('22530430', 's430@student.edutrack.edu', 'Nourhan El-Behairy', '12345678', 'STU0430', 'Arabic Language', 3.60, 'edutrack_main'),
('22530431', 's431@student.edutrack.edu', 'Abdel Rahman Alexandrian', '12345678', 'STU0431', 'Chemistry', 3.77, 'edutrack_main'),
('22530432', 's432@student.edutrack.edu', 'Salma El-Zamaleky', '12345678', 'STU0432', 'Biology', 3.94, 'edutrack_main'),
('22530433', 's433@student.edutrack.edu', 'Yassin El-Matareya', '12345678', 'STU0433', 'Accounting', 2.61, 'edutrack_main'),
('22530434', 's434@student.edutrack.edu', 'Mai El-Behairy', '12345678', 'STU0434', 'Marketing', 2.78, 'edutrack_main'),
('22530435', 's435@student.edutrack.edu', 'Taha Alexandrian', '12345678', 'STU0435', 'Computer Science', 2.95, 'edutrack_main'),
('22530436', 's436@student.edutrack.edu', 'Rahma El-Zamaleky', '12345678', 'STU0436', 'Software Engineering', 3.12, 'edutrack_main'),
('22530437', 's437@student.edutrack.edu', 'Hossam El-Matareya', '12345678', 'STU0437', 'Civil Engineering', 3.29, 'edutrack_main'),
('22530438', 's438@student.edutrack.edu', 'Shahd El-Behairy', '12345678', 'STU0438', 'Electrical Engineering', 3.46, 'edutrack_main'),
('22530439', 's439@student.edutrack.edu', 'Anas Alexandrian', '12345678', 'STU0439', 'Medicine', 3.63, 'edutrack_main'),
('22530440', 's440@student.edutrack.edu', 'Basma El-Zamaleky', '12345678', 'STU0440', 'Business Administration', 3.80, 'edutrack_main');

INSERT INTO students (id, email, full_name, password_hash, student_id, major, gpa, university_id)
VALUES
('22530441', 's441@student.edutrack.edu', 'Malek El-Matareya', '12345678', 'STU0441', 'Pharmacy', 3.97, 'edutrack_main'),
('22530442', 's442@student.edutrack.edu', 'Yara El-Behairy', '12345678', 'STU0442', 'Mathematics', 2.64, 'edutrack_main'),
('22530443', 's443@student.edutrack.edu', 'Seif Alexandrian', '12345678', 'STU0443', 'Physics', 2.81, 'edutrack_main'),
('22530444', 's444@student.edutrack.edu', 'Layan El-Zamaleky', '12345678', 'STU0444', 'Arabic Language', 2.98, 'edutrack_main'),
('22530445', 's445@student.edutrack.edu', 'Omar El-Matareya', '12345678', 'STU0445', 'Chemistry', 3.15, 'edutrack_main'),
('22530446', 's446@student.edutrack.edu', 'Tasneem El-Behairy', '12345678', 'STU0446', 'Biology', 3.32, 'edutrack_main'),
('22530447', 's447@student.edutrack.edu', 'Ziad Alexandrian', '12345678', 'STU0447', 'Accounting', 3.49, 'edutrack_main'),
('22530448', 's448@student.edutrack.edu', 'Judy El-Zamaleky', '12345678', 'STU0448', 'Marketing', 3.66, 'edutrack_main'),
('22530449', 's449@student.edutrack.edu', 'Rami El-Matareya', '12345678', 'STU0449', 'Computer Science', 3.83, 'edutrack_main'),
('22530450', 's450@student.edutrack.edu', 'Nada El-Behairy', '12345678', 'STU0450', 'Software Engineering', 2.50, 'edutrack_main'),
('22530451', 's451@student.edutrack.edu', 'Adam El-Damanhoury', '12345678', 'STU0451', 'Civil Engineering', 2.67, 'edutrack_main'),
('22530452', 's452@student.edutrack.edu', 'Malak El-Maadi', '12345678', 'STU0452', 'Electrical Engineering', 2.84, 'edutrack_main'),
('22530453', 's453@student.edutrack.edu', 'Yahya El-Ghamry', '12345678', 'STU0453', 'Medicine', 3.01, 'edutrack_main'),
('22530454', 's454@student.edutrack.edu', 'Jana El-Skandary', '12345678', 'STU0454', 'Business Administration', 3.18, 'edutrack_main'),
('22530455', 's455@student.edutrack.edu', 'Ibrahim El-Damanhoury', '12345678', 'STU0455', 'Pharmacy', 3.35, 'edutrack_main'),
('22530456', 's456@student.edutrack.edu', 'Hiba El-Maadi', '12345678', 'STU0456', 'Mathematics', 3.52, 'edutrack_main'),
('22530457', 's457@student.edutrack.edu', 'Mostafa El-Ghamry', '12345678', 'STU0457', 'Physics', 3.69, 'edutrack_main'),
('22530458', 's458@student.edutrack.edu', 'Lara El-Skandary', '12345678', 'STU0458', 'Arabic Language', 3.86, 'edutrack_main'),
('22530459', 's459@student.edutrack.edu', 'Karim El-Damanhoury', '12345678', 'STU0459', 'Chemistry', 2.53, 'edutrack_main'),
('22530460', 's460@student.edutrack.edu', 'Nourhan El-Maadi', '12345678', 'STU0460', 'Biology', 2.70, 'edutrack_main'),
('22530461', 's461@student.edutrack.edu', 'Abdel Rahman El-Ghamry', '12345678', 'STU0461', 'Accounting', 2.87, 'edutrack_main'),
('22530462', 's462@student.edutrack.edu', 'Salma El-Skandary', '12345678', 'STU0462', 'Marketing', 3.04, 'edutrack_main'),
('22530463', 's463@student.edutrack.edu', 'Yassin El-Damanhoury', '12345678', 'STU0463', 'Computer Science', 3.21, 'edutrack_main'),
('22530464', 's464@student.edutrack.edu', 'Mai El-Maadi', '12345678', 'STU0464', 'Software Engineering', 3.38, 'edutrack_main'),
('22530465', 's465@student.edutrack.edu', 'Taha El-Ghamry', '12345678', 'STU0465', 'Civil Engineering', 3.55, 'edutrack_main'),
('22530466', 's466@student.edutrack.edu', 'Rahma El-Skandary', '12345678', 'STU0466', 'Electrical Engineering', 3.72, 'edutrack_main'),
('22530467', 's467@student.edutrack.edu', 'Hossam El-Damanhoury', '12345678', 'STU0467', 'Medicine', 3.89, 'edutrack_main'),
('22530468', 's468@student.edutrack.edu', 'Shahd El-Maadi', '12345678', 'STU0468', 'Business Administration', 2.56, 'edutrack_main'),
('22530469', 's469@student.edutrack.edu', 'Anas El-Ghamry', '12345678', 'STU0469', 'Pharmacy', 2.73, 'edutrack_main'),
('22530470', 's470@student.edutrack.edu', 'Basma El-Skandary', '12345678', 'STU0470', 'Mathematics', 2.90, 'edutrack_main'),
('22530471', 's471@student.edutrack.edu', 'Malek El-Damanhoury', '12345678', 'STU0471', 'Physics', 3.07, 'edutrack_main'),
('22530472', 's472@student.edutrack.edu', 'Yara El-Maadi', '12345678', 'STU0472', 'Arabic Language', 3.24, 'edutrack_main'),
('22530473', 's473@student.edutrack.edu', 'Seif El-Ghamry', '12345678', 'STU0473', 'Chemistry', 3.41, 'edutrack_main'),
('22530474', 's474@student.edutrack.edu', 'Layan El-Skandary', '12345678', 'STU0474', 'Biology', 3.58, 'edutrack_main'),
('22530475', 's475@student.edutrack.edu', 'Omar El-Damanhoury', '12345678', 'STU0475', 'Accounting', 3.75, 'edutrack_main'),
('22530476', 's476@student.edutrack.edu', 'Tasneem El-Maadi', '12345678', 'STU0476', 'Marketing', 3.92, 'edutrack_main'),
('22530477', 's477@student.edutrack.edu', 'Ziad El-Ghamry', '12345678', 'STU0477', 'Computer Science', 2.59, 'edutrack_main'),
('22530478', 's478@student.edutrack.edu', 'Judy El-Skandary', '12345678', 'STU0478', 'Software Engineering', 2.76, 'edutrack_main'),
('22530479', 's479@student.edutrack.edu', 'Rami El-Damanhoury', '12345678', 'STU0479', 'Civil Engineering', 2.93, 'edutrack_main'),
('22530480', 's480@student.edutrack.edu', 'Nada El-Maadi', '12345678', 'STU0480', 'Electrical Engineering', 3.10, 'edutrack_main');

INSERT INTO students (id, email, full_name, password_hash, student_id, major, gpa, university_id)
VALUES
('22530481', 's481@student.edutrack.edu', 'Adam El-Shazly', '12345678', 'STU0481', 'Medicine', 3.27, 'edutrack_main'),
('22530482', 's482@student.edutrack.edu', 'Malak El-Qahiry', '12345678', 'STU0482', 'Business Administration', 3.44, 'edutrack_main'),
('22530483', 's483@student.edutrack.edu', 'Yahya Tantawy', '12345678', 'STU0483', 'Pharmacy', 3.61, 'edutrack_main'),
('22530484', 's484@student.edutrack.edu', 'Jana Madinet Nasr', '12345678', 'STU0484', 'Mathematics', 3.78, 'edutrack_main'),
('22530485', 's485@student.edutrack.edu', 'Ibrahim El-Shazly', '12345678', 'STU0485', 'Physics', 3.95, 'edutrack_main'),
('22530486', 's486@student.edutrack.edu', 'Hiba El-Qahiry', '12345678', 'STU0486', 'Arabic Language', 2.62, 'edutrack_main'),
('22530487', 's487@student.edutrack.edu', 'Mostafa Tantawy', '12345678', 'STU0487', 'Chemistry', 2.79, 'edutrack_main'),
('22530488', 's488@student.edutrack.edu', 'Lara Madinet Nasr', '12345678', 'STU0488', 'Biology', 2.96, 'edutrack_main'),
('22530489', 's489@student.edutrack.edu', 'Karim El-Shazly', '12345678', 'STU0489', 'Accounting', 3.13, 'edutrack_main'),
('22530490', 's490@student.edutrack.edu', 'Nourhan El-Qahiry', '12345678', 'STU0490', 'Marketing', 3.30, 'edutrack_main'),
('22530491', 's491@student.edutrack.edu', 'Abdel Rahman Tantawy', '12345678', 'STU0491', 'Computer Science', 3.47, 'edutrack_main'),
('22530492', 's492@student.edutrack.edu', 'Salma Madinet Nasr', '12345678', 'STU0492', 'Software Engineering', 3.64, 'edutrack_main'),
('22530493', 's493@student.edutrack.edu', 'Yassin El-Shazly', '12345678', 'STU0493', 'Civil Engineering', 3.81, 'edutrack_main'),
('22530494', 's494@student.edutrack.edu', 'Mai El-Qahiry', '12345678', 'STU0494', 'Electrical Engineering', 3.98, 'edutrack_main'),
('22530495', 's495@student.edutrack.edu', 'Taha Tantawy', '12345678', 'STU0495', 'Medicine', 2.65, 'edutrack_main'),
('22530496', 's496@student.edutrack.edu', 'Rahma Madinet Nasr', '12345678', 'STU0496', 'Business Administration', 2.82, 'edutrack_main'),
('22530497', 's497@student.edutrack.edu', 'Hossam El-Shazly', '12345678', 'STU0497', 'Pharmacy', 2.99, 'edutrack_main'),
('22530498', 's498@student.edutrack.edu', 'Shahd El-Qahiry', '12345678', 'STU0498', 'Mathematics', 3.16, 'edutrack_main'),
('22530499', 's499@student.edutrack.edu', 'Anas Tantawy', '12345678', 'STU0499', 'Physics', 3.33, 'edutrack_main'),
('22530500', 's500@student.edutrack.edu', 'Basma Madinet Nasr', '12345678', 'STU0500', 'Arabic Language', 3.50, 'edutrack_main');

-- COURSES
INSERT INTO courses (id, course_code, course_name, description, teacher_id, semester, credits, max_capacity, university_id)
VALUES
('course_b001', 'EDU001', 'Advanced Databases', 'Relational design, SQL, transactions, and indexing.', '12520001', '2026-Spring', 3, 80, 'edutrack_main'),
('course_b002', 'EDU002', 'Algorithms & Data Structures', 'Arrays, trees, graphs, and time complexity.', '12520002', '2026-Spring', 3, 80, 'edutrack_main'),
('course_b003', 'EDU003', 'Information Security', 'Encryption, authentication, common attacks, and defenses.', '12520003', '2026-Spring', 3, 80, 'edutrack_main'),
('course_b004', 'EDU004', 'Introduction to Programming', 'Algorithm basics in a high-level language.', '12520004', '2026-Spring', 3, 80, 'edutrack_main'),
('course_b005', 'EDU005', 'Digital Systems', 'Binary logic, combinational and sequential circuits.', '12520005', '2026-Spring', 3, 80, 'edutrack_main'),
('course_b006', 'EDU006', 'Engineering Dynamics', 'Rigid-body motion and vector analysis.', '12520006', '2026-Spring', 3, 80, 'edutrack_main'),
('course_b007', 'EDU007', 'Intro to Electric Circuits', 'Ohm’s and Kirchhoff’s laws and applications.', '12520007', '2026-Spring', 3, 80, 'edutrack_main'),
('course_b008', 'EDU008', 'Calculus II', 'Multivariable integration and series.', '12520008', '2026-Spring', 3, 80, 'edutrack_main'),
('course_b009', 'EDU009', 'Linear Algebra', 'Matrices, subspaces, and eigenvalues.', '12520009', '2026-Spring', 3, 80, 'edutrack_main'),
('course_b010', 'EDU010', 'Modern Physics', 'Quantum introduction and special relativity.', '12520010', '2026-Spring', 3, 80, 'edutrack_main'),
('course_b011', 'EDU011', 'Human Anatomy', 'Foundations of human structure for pre-clinical year.', '12520011', '2026-Spring', 3, 80, 'edutrack_main'),
('course_b012', 'EDU012', 'Principles of Management', 'Planning, organizing, leading, and control.', '12520012', '2026-Spring', 3, 80, 'edutrack_main'),
('course_b013', 'EDU013', 'Modern Marketing', 'Consumer behavior and brand strategy.', '12520013', '2026-Spring', 3, 80, 'edutrack_main'),
('course_b014', 'EDU014', 'Pharmaceutical Chemistry', 'Drug reactions and stability.', '12520014', '2026-Spring', 3, 80, 'edutrack_main'),
('course_b015', 'EDU015', 'Arabic Grammar & Morphology', 'Sentence structure and word formation.', '12520015', '2026-Spring', 3, 80, 'edutrack_main'),
('course_b016', 'EDU016', 'Computer Networks', 'OSI layers, TCP/IP, and routing.', '12520016', '2026-Spring', 3, 80, 'edutrack_main'),
('course_b017', 'EDU017', 'Software Engineering', 'Project lifecycles and UML.', '12520017', '2026-Spring', 3, 80, 'edutrack_main'),
('course_b018', 'EDU018', 'Machine Learning', 'Regression, classification, and model evaluation.', '12520018', '2026-Spring', 3, 80, 'edutrack_main'),
('course_b019', 'EDU019', 'Strength of Materials', 'Stress and strain in structural members.', '12520019', '2026-Spring', 3, 80, 'edutrack_main'),
('course_b020', 'EDU020', 'Automatic Control', 'Feedback systems and stability.', '12520020', '2026-Spring', 3, 80, 'edutrack_main'),
('course_b021', 'EDU021', 'General Biology — Section 07', 'Course on General Biology, linked to Advanced Databases. Lectures and exercises for the term.', '12520021', '2026-Spring', 3, 80, 'edutrack_main'),
('course_b022', 'EDU022', 'History of Science — Section 08', 'Course on History of Science, linked to Algorithms & Data Structures. Lectures and exercises for the term.', '12520022', '2026-Spring', 3, 80, 'edutrack_main'),
('course_b023', 'EDU023', 'Philosophy of Science — Section 09', 'Course on Philosophy of Science, linked to Information Security. Lectures and exercises for the term.', '12520023', '2026-Spring', 3, 80, 'edutrack_main'),
('course_b024', 'EDU024', 'Biostatistics — Section 10', 'Course on Biostatistics, linked to Introduction to Programming. Lectures and exercises for the term.', '12520024', '2026-Spring', 3, 80, 'edutrack_main'),
('course_b025', 'EDU025', 'Clinical Pharmacy — Section 11', 'Course on Clinical Pharmacy, linked to Digital Systems. Lectures and exercises for the term.', '12520025', '2026-Spring', 3, 80, 'edutrack_main'),
('course_b026', 'EDU026', 'Industrial Pharmacy — Section 12', 'Course on Industrial Pharmacy, linked to Engineering Dynamics. Lectures and exercises for the term.', '12520026', '2026-Spring', 3, 80, 'edutrack_main'),
('course_b027', 'EDU027', 'Pharmacology — Section 13', 'Course on Pharmacology, linked to Intro to Electric Circuits. Lectures and exercises for the term.', '12520027', '2026-Spring', 3, 80, 'edutrack_main'),
('course_b028', 'EDU028', 'Cost Accounting — Section 14', 'Course on Cost Accounting, linked to Calculus II. Lectures and exercises for the term.', '12520028', '2026-Spring', 3, 80, 'edutrack_main'),
('course_b029', 'EDU029', 'Corporate Finance — Section 15', 'Course on Corporate Finance, linked to Linear Algebra. Lectures and exercises for the term.', '12520029', '2026-Spring', 3, 80, 'edutrack_main'),
('course_b030', 'EDU030', 'Management Information Systems — Section 01', 'Course on Management Information Systems, linked to Modern Physics. Lectures and exercises for the term.', '12520030', '2026-Spring', 3, 80, 'edutrack_main');

INSERT INTO courses (id, course_code, course_name, description, teacher_id, semester, credits, max_capacity, university_id)
VALUES
('course_b031', 'EDU031', 'Applied Programming Lab — Section 02', 'Course on Applied Programming Lab, linked to Human Anatomy. Lectures and exercises for the term.', '12520031', '2026-Spring', 3, 80, 'edutrack_main'),
('course_b032', 'EDU032', 'Web Fundamentals — Section 03', 'Course on Web Fundamentals, linked to Principles of Management. Lectures and exercises for the term.', '12520032', '2026-Spring', 3, 80, 'edutrack_main'),
('course_b033', 'EDU033', 'User Interface Design — Section 04', 'Course on User Interface Design, linked to Modern Marketing. Lectures and exercises for the term.', '12520033', '2026-Spring', 3, 80, 'edutrack_main'),
('course_b034', 'EDU034', 'Operating Systems — Section 05', 'Course on Operating Systems, linked to Pharmaceutical Chemistry. Lectures and exercises for the term.', '12520034', '2026-Spring', 3, 80, 'edutrack_main'),
('course_b035', 'EDU035', 'Computer Architecture — Section 06', 'Course on Computer Architecture, linked to Arabic Grammar & Morphology. Lectures and exercises for the term.', '12520035', '2026-Spring', 3, 80, 'edutrack_main'),
('course_b036', 'EDU036', 'Applied Artificial Intelligence — Section 07', 'Course on Applied Artificial Intelligence, linked to Computer Networks. Lectures and exercises for the term.', '12520036', '2026-Spring', 3, 80, 'edutrack_main'),
('course_b037', 'EDU037', 'Signal Processing — Section 08', 'Course on Signal Processing, linked to Software Engineering. Lectures and exercises for the term.', '12520037', '2026-Spring', 3, 80, 'edutrack_main'),
('course_b038', 'EDU038', 'Engineering Statistics — Section 09', 'Course on Engineering Statistics, linked to Machine Learning. Lectures and exercises for the term.', '12520038', '2026-Spring', 3, 80, 'edutrack_main'),
('course_b039', 'EDU039', 'Engineering Economics — Section 10', 'Course on Engineering Economics, linked to Strength of Materials. Lectures and exercises for the term.', '12520039', '2026-Spring', 3, 80, 'edutrack_main'),
('course_b040', 'EDU040', 'Fluid Mechanics — Section 11', 'Course on Fluid Mechanics, linked to Automatic Control. Lectures and exercises for the term.', '12520040', '2026-Spring', 3, 80, 'edutrack_main'),
('course_b041', 'EDU041', 'Engineering Materials — Section 12', 'Course on Engineering Materials, linked to Advanced Databases. Lectures and exercises for the term.', '12520041', '2026-Spring', 3, 80, 'edutrack_main'),
('course_b042', 'EDU042', 'Geotechnical Engineering — Section 13', 'Course on Geotechnical Engineering, linked to Algorithms & Data Structures. Lectures and exercises for the term.', '12520042', '2026-Spring', 3, 80, 'edutrack_main'),
('course_b043', 'EDU043', 'Environment & Sustainability — Section 14', 'Course on Environment & Sustainability, linked to Information Security. Lectures and exercises for the term.', '12520043', '2026-Spring', 3, 80, 'edutrack_main'),
('course_b044', 'EDU044', 'Professional Ethics — Section 15', 'Course on Professional Ethics, linked to Introduction to Programming. Lectures and exercises for the term.', '12520044', '2026-Spring', 3, 80, 'edutrack_main'),
('course_b045', 'EDU045', 'Academic Communication Skills — Section 01', 'Course on Academic Communication Skills, linked to Digital Systems. Lectures and exercises for the term.', '12520045', '2026-Spring', 3, 80, 'edutrack_main'),
('course_b046', 'EDU046', 'English for STEM — Section 02', 'Course on English for STEM, linked to Engineering Dynamics. Lectures and exercises for the term.', '12520046', '2026-Spring', 3, 80, 'edutrack_main'),
('course_b047', 'EDU047', 'Operations Research — Section 03', 'Course on Operations Research, linked to Intro to Electric Circuits. Lectures and exercises for the term.', '12520047', '2026-Spring', 3, 80, 'edutrack_main'),
('course_b048', 'EDU048', 'Mathematical Modeling — Section 04', 'Course on Mathematical Modeling, linked to Calculus II. Lectures and exercises for the term.', '12520048', '2026-Spring', 3, 80, 'edutrack_main'),
('course_b049', 'EDU049', 'General Physics I — Section 05', 'Course on General Physics I, linked to Linear Algebra. Lectures and exercises for the term.', '12520049', '2026-Spring', 3, 80, 'edutrack_main'),
('course_b050', 'EDU050', 'General Chemistry — Section 06', 'Course on General Chemistry, linked to Modern Physics. Lectures and exercises for the term.', '12520050', '2026-Spring', 3, 80, 'edutrack_main'),
('course_b051', 'EDU051', 'General Biology — Section 07', 'Course on General Biology, linked to Human Anatomy. Lectures and exercises for the term.', '12520051', '2026-Spring', 3, 80, 'edutrack_main'),
('course_b052', 'EDU052', 'History of Science — Section 08', 'Course on History of Science, linked to Principles of Management. Lectures and exercises for the term.', '12520052', '2026-Spring', 3, 80, 'edutrack_main'),
('course_b053', 'EDU053', 'Philosophy of Science — Section 09', 'Course on Philosophy of Science, linked to Modern Marketing. Lectures and exercises for the term.', '12520053', '2026-Spring', 3, 80, 'edutrack_main'),
('course_b054', 'EDU054', 'Biostatistics — Section 10', 'Course on Biostatistics, linked to Pharmaceutical Chemistry. Lectures and exercises for the term.', '12520054', '2026-Spring', 3, 80, 'edutrack_main'),
('course_b055', 'EDU055', 'Clinical Pharmacy — Section 11', 'Course on Clinical Pharmacy, linked to Arabic Grammar & Morphology. Lectures and exercises for the term.', '12520055', '2026-Spring', 3, 80, 'edutrack_main'),
('course_b056', 'EDU056', 'Industrial Pharmacy — Section 12', 'Course on Industrial Pharmacy, linked to Computer Networks. Lectures and exercises for the term.', '12520056', '2026-Spring', 3, 80, 'edutrack_main'),
('course_b057', 'EDU057', 'Pharmacology — Section 13', 'Course on Pharmacology, linked to Software Engineering. Lectures and exercises for the term.', '12520057', '2026-Spring', 3, 80, 'edutrack_main'),
('course_b058', 'EDU058', 'Cost Accounting — Section 14', 'Course on Cost Accounting, linked to Machine Learning. Lectures and exercises for the term.', '12520058', '2026-Spring', 3, 80, 'edutrack_main'),
('course_b059', 'EDU059', 'Corporate Finance — Section 15', 'Course on Corporate Finance, linked to Strength of Materials. Lectures and exercises for the term.', '12520059', '2026-Spring', 3, 80, 'edutrack_main'),
('course_b060', 'EDU060', 'Management Information Systems — Section 01', 'Course on Management Information Systems, linked to Automatic Control. Lectures and exercises for the term.', '12520060', '2026-Spring', 3, 80, 'edutrack_main');

INSERT INTO courses (id, course_code, course_name, description, teacher_id, semester, credits, max_capacity, university_id)
VALUES
('course_b061', 'EDU061', 'Applied Programming Lab — Section 02', 'Course on Applied Programming Lab, linked to Advanced Databases. Lectures and exercises for the term.', '12520001', '2026-Spring', 3, 80, 'edutrack_main'),
('course_b062', 'EDU062', 'Web Fundamentals — Section 03', 'Course on Web Fundamentals, linked to Algorithms & Data Structures. Lectures and exercises for the term.', '12520002', '2026-Spring', 3, 80, 'edutrack_main'),
('course_b063', 'EDU063', 'User Interface Design — Section 04', 'Course on User Interface Design, linked to Information Security. Lectures and exercises for the term.', '12520003', '2026-Spring', 3, 80, 'edutrack_main'),
('course_b064', 'EDU064', 'Operating Systems — Section 05', 'Course on Operating Systems, linked to Introduction to Programming. Lectures and exercises for the term.', '12520004', '2026-Spring', 3, 80, 'edutrack_main'),
('course_b065', 'EDU065', 'Computer Architecture — Section 06', 'Course on Computer Architecture, linked to Digital Systems. Lectures and exercises for the term.', '12520005', '2026-Spring', 3, 80, 'edutrack_main'),
('course_b066', 'EDU066', 'Applied Artificial Intelligence — Section 07', 'Course on Applied Artificial Intelligence, linked to Engineering Dynamics. Lectures and exercises for the term.', '12520006', '2026-Spring', 3, 80, 'edutrack_main'),
('course_b067', 'EDU067', 'Signal Processing — Section 08', 'Course on Signal Processing, linked to Intro to Electric Circuits. Lectures and exercises for the term.', '12520007', '2026-Spring', 3, 80, 'edutrack_main'),
('course_b068', 'EDU068', 'Engineering Statistics — Section 09', 'Course on Engineering Statistics, linked to Calculus II. Lectures and exercises for the term.', '12520008', '2026-Spring', 3, 80, 'edutrack_main'),
('course_b069', 'EDU069', 'Engineering Economics — Section 10', 'Course on Engineering Economics, linked to Linear Algebra. Lectures and exercises for the term.', '12520009', '2026-Spring', 3, 80, 'edutrack_main'),
('course_b070', 'EDU070', 'Fluid Mechanics — Section 11', 'Course on Fluid Mechanics, linked to Modern Physics. Lectures and exercises for the term.', '12520010', '2026-Spring', 3, 80, 'edutrack_main'),
('course_b071', 'EDU071', 'Engineering Materials — Section 12', 'Course on Engineering Materials, linked to Human Anatomy. Lectures and exercises for the term.', '12520011', '2026-Spring', 3, 80, 'edutrack_main'),
('course_b072', 'EDU072', 'Geotechnical Engineering — Section 13', 'Course on Geotechnical Engineering, linked to Principles of Management. Lectures and exercises for the term.', '12520012', '2026-Spring', 3, 80, 'edutrack_main'),
('course_b073', 'EDU073', 'Environment & Sustainability — Section 14', 'Course on Environment & Sustainability, linked to Modern Marketing. Lectures and exercises for the term.', '12520013', '2026-Spring', 3, 80, 'edutrack_main'),
('course_b074', 'EDU074', 'Professional Ethics — Section 15', 'Course on Professional Ethics, linked to Pharmaceutical Chemistry. Lectures and exercises for the term.', '12520014', '2026-Spring', 3, 80, 'edutrack_main'),
('course_b075', 'EDU075', 'Academic Communication Skills — Section 01', 'Course on Academic Communication Skills, linked to Arabic Grammar & Morphology. Lectures and exercises for the term.', '12520015', '2026-Spring', 3, 80, 'edutrack_main'),
('course_b076', 'EDU076', 'English for STEM — Section 02', 'Course on English for STEM, linked to Computer Networks. Lectures and exercises for the term.', '12520016', '2026-Spring', 3, 80, 'edutrack_main'),
('course_b077', 'EDU077', 'Operations Research — Section 03', 'Course on Operations Research, linked to Software Engineering. Lectures and exercises for the term.', '12520017', '2026-Spring', 3, 80, 'edutrack_main'),
('course_b078', 'EDU078', 'Mathematical Modeling — Section 04', 'Course on Mathematical Modeling, linked to Machine Learning. Lectures and exercises for the term.', '12520018', '2026-Spring', 3, 80, 'edutrack_main'),
('course_b079', 'EDU079', 'General Physics I — Section 05', 'Course on General Physics I, linked to Strength of Materials. Lectures and exercises for the term.', '12520019', '2026-Spring', 3, 80, 'edutrack_main'),
('course_b080', 'EDU080', 'General Chemistry — Section 06', 'Course on General Chemistry, linked to Automatic Control. Lectures and exercises for the term.', '12520020', '2026-Spring', 3, 80, 'edutrack_main'),
('course_b081', 'EDU081', 'General Biology — Section 07', 'Course on General Biology, linked to Advanced Databases. Lectures and exercises for the term.', '12520021', '2026-Spring', 3, 80, 'edutrack_main'),
('course_b082', 'EDU082', 'History of Science — Section 08', 'Course on History of Science, linked to Algorithms & Data Structures. Lectures and exercises for the term.', '12520022', '2026-Spring', 3, 80, 'edutrack_main'),
('course_b083', 'EDU083', 'Philosophy of Science — Section 09', 'Course on Philosophy of Science, linked to Information Security. Lectures and exercises for the term.', '12520023', '2026-Spring', 3, 80, 'edutrack_main'),
('course_b084', 'EDU084', 'Biostatistics — Section 10', 'Course on Biostatistics, linked to Introduction to Programming. Lectures and exercises for the term.', '12520024', '2026-Spring', 3, 80, 'edutrack_main'),
('course_b085', 'EDU085', 'Clinical Pharmacy — Section 11', 'Course on Clinical Pharmacy, linked to Digital Systems. Lectures and exercises for the term.', '12520025', '2026-Spring', 3, 80, 'edutrack_main'),
('course_b086', 'EDU086', 'Industrial Pharmacy — Section 12', 'Course on Industrial Pharmacy, linked to Engineering Dynamics. Lectures and exercises for the term.', '12520026', '2026-Spring', 3, 80, 'edutrack_main'),
('course_b087', 'EDU087', 'Pharmacology — Section 13', 'Course on Pharmacology, linked to Intro to Electric Circuits. Lectures and exercises for the term.', '12520027', '2026-Spring', 3, 80, 'edutrack_main'),
('course_b088', 'EDU088', 'Cost Accounting — Section 14', 'Course on Cost Accounting, linked to Calculus II. Lectures and exercises for the term.', '12520028', '2026-Spring', 3, 80, 'edutrack_main'),
('course_b089', 'EDU089', 'Corporate Finance — Section 15', 'Course on Corporate Finance, linked to Linear Algebra. Lectures and exercises for the term.', '12520029', '2026-Spring', 3, 80, 'edutrack_main'),
('course_b090', 'EDU090', 'Management Information Systems — Section 01', 'Course on Management Information Systems, linked to Modern Physics. Lectures and exercises for the term.', '12520030', '2026-Spring', 3, 80, 'edutrack_main');

-- MIXED CREDIT HOURS (3 / 4 / 8)
UPDATE courses
SET credits = CASE
  WHEN (CAST(SUBSTR(course_code, 4) AS INTEGER) % 10) = 0 THEN 8
  WHEN (CAST(SUBSTR(course_code, 4) AS INTEGER) % 3) = 0 THEN 4
  ELSE 3
END
WHERE course_code LIKE 'EDU%';

-- ENROLLMENTS
INSERT INTO course_enrollments (id, course_id, student_id, grade)
VALUES
('en_b000001', 'course_b039', '22530001', 'A'),
('en_b000002', 'course_b040', '22530001', 'B+'),
('en_b000003', 'course_b041', '22530001', 'B-'),
('en_b000004', 'course_b042', '22530001', 'C'),
('en_b000005', 'course_b070', '22530002', 'A'),
('en_b000006', 'course_b071', '22530002', 'B+'),
('en_b000007', 'course_b072', '22530002', 'B-'),
('en_b000008', 'course_b073', '22530002', 'C'),
('en_b000009', 'course_b011', '22530003', 'C'),
('en_b000010', 'course_b012', '22530003', 'A'),
('en_b000011', 'course_b013', '22530003', 'B+'),
('en_b000012', 'course_b014', '22530003', 'B-'),
('en_b000013', 'course_b042', '22530004', 'C'),
('en_b000014', 'course_b043', '22530004', 'A'),
('en_b000015', 'course_b044', '22530004', 'B+'),
('en_b000016', 'course_b045', '22530004', 'B-'),
('en_b000017', 'course_b073', '22530005', 'C'),
('en_b000018', 'course_b074', '22530005', 'A'),
('en_b000019', 'course_b075', '22530005', 'B+'),
('en_b000020', 'course_b076', '22530005', 'B-'),
('en_b000021', 'course_b014', '22530006', 'B-'),
('en_b000022', 'course_b015', '22530006', 'C'),
('en_b000023', 'course_b016', '22530006', 'A'),
('en_b000024', 'course_b017', '22530006', 'B+'),
('en_b000025', 'course_b045', '22530007', 'B-'),
('en_b000026', 'course_b046', '22530007', 'C'),
('en_b000027', 'course_b047', '22530007', 'A'),
('en_b000028', 'course_b048', '22530007', 'B+'),
('en_b000029', 'course_b076', '22530008', 'B-'),
('en_b000030', 'course_b077', '22530008', 'C'),
('en_b000031', 'course_b078', '22530008', 'A'),
('en_b000032', 'course_b079', '22530008', 'B+'),
('en_b000033', 'course_b017', '22530009', 'B+'),
('en_b000034', 'course_b018', '22530009', 'B-'),
('en_b000035', 'course_b019', '22530009', 'C'),
('en_b000036', 'course_b020', '22530009', 'A'),
('en_b000037', 'course_b048', '22530010', 'B+'),
('en_b000038', 'course_b049', '22530010', 'B-'),
('en_b000039', 'course_b050', '22530010', 'C'),
('en_b000040', 'course_b051', '22530010', 'A'),
('en_b000041', 'course_b079', '22530011', 'B+'),
('en_b000042', 'course_b080', '22530011', 'B-'),
('en_b000043', 'course_b081', '22530011', 'C'),
('en_b000044', 'course_b082', '22530011', 'A'),
('en_b000045', 'course_b020', '22530012', 'A'),
('en_b000046', 'course_b021', '22530012', 'B+'),
('en_b000047', 'course_b022', '22530012', 'B-'),
('en_b000048', 'course_b023', '22530012', 'C'),
('en_b000049', 'course_b051', '22530013', 'A'),
('en_b000050', 'course_b052', '22530013', 'B+'),
('en_b000051', 'course_b053', '22530013', 'B-'),
('en_b000052', 'course_b054', '22530013', 'C'),
('en_b000053', 'course_b082', '22530014', 'A'),
('en_b000054', 'course_b083', '22530014', 'B+'),
('en_b000055', 'course_b084', '22530014', 'B-'),
('en_b000056', 'course_b085', '22530014', 'C'),
('en_b000057', 'course_b023', '22530015', 'C'),
('en_b000058', 'course_b024', '22530015', 'A'),
('en_b000059', 'course_b025', '22530015', 'B+'),
('en_b000060', 'course_b026', '22530015', 'B-'),
('en_b000061', 'course_b054', '22530016', 'C'),
('en_b000062', 'course_b055', '22530016', 'A'),
('en_b000063', 'course_b056', '22530016', 'B+'),
('en_b000064', 'course_b057', '22530016', 'B-'),
('en_b000065', 'course_b085', '22530017', 'C'),
('en_b000066', 'course_b086', '22530017', 'A'),
('en_b000067', 'course_b087', '22530017', 'B+'),
('en_b000068', 'course_b088', '22530017', 'B-'),
('en_b000069', 'course_b026', '22530018', 'B-'),
('en_b000070', 'course_b027', '22530018', 'C'),
('en_b000071', 'course_b028', '22530018', 'A'),
('en_b000072', 'course_b029', '22530018', 'B+'),
('en_b000073', 'course_b057', '22530019', 'B-'),
('en_b000074', 'course_b058', '22530019', 'C'),
('en_b000075', 'course_b059', '22530019', 'A'),
('en_b000076', 'course_b060', '22530019', 'B+'),
('en_b000077', 'course_b088', '22530020', 'B-'),
('en_b000078', 'course_b089', '22530020', 'C'),
('en_b000079', 'course_b090', '22530020', 'A'),
('en_b000080', 'course_b001', '22530020', 'A'),
('en_b000081', 'course_b029', '22530021', 'B+'),
('en_b000082', 'course_b030', '22530021', 'B-'),
('en_b000083', 'course_b031', '22530021', 'C'),
('en_b000084', 'course_b032', '22530021', 'A'),
('en_b000085', 'course_b060', '22530022', 'B+'),
('en_b000086', 'course_b061', '22530022', 'B-'),
('en_b000087', 'course_b062', '22530022', 'C'),
('en_b000088', 'course_b063', '22530022', 'A'),
('en_b000089', 'course_b001', '22530023', 'A'),
('en_b000090', 'course_b002', '22530023', 'B+'),
('en_b000091', 'course_b003', '22530023', 'B-'),
('en_b000092', 'course_b004', '22530023', 'C'),
('en_b000093', 'course_b032', '22530024', 'A'),
('en_b000094', 'course_b033', '22530024', 'B+'),
('en_b000095', 'course_b034', '22530024', 'B-'),
('en_b000096', 'course_b035', '22530024', 'C'),
('en_b000097', 'course_b063', '22530025', 'A'),
('en_b000098', 'course_b064', '22530025', 'B+'),
('en_b000099', 'course_b065', '22530025', 'B-'),
('en_b000100', 'course_b066', '22530025', 'C');

INSERT INTO course_enrollments (id, course_id, student_id, grade)
VALUES
('en_b000101', 'course_b004', '22530026', 'C'),
('en_b000102', 'course_b005', '22530026', 'A'),
('en_b000103', 'course_b006', '22530026', 'B+'),
('en_b000104', 'course_b007', '22530026', 'B-'),
('en_b000105', 'course_b035', '22530027', 'C'),
('en_b000106', 'course_b036', '22530027', 'A'),
('en_b000107', 'course_b037', '22530027', 'B+'),
('en_b000108', 'course_b038', '22530027', 'B-'),
('en_b000109', 'course_b066', '22530028', 'C'),
('en_b000110', 'course_b067', '22530028', 'A'),
('en_b000111', 'course_b068', '22530028', 'B+'),
('en_b000112', 'course_b069', '22530028', 'B-'),
('en_b000113', 'course_b007', '22530029', 'B-'),
('en_b000114', 'course_b008', '22530029', 'C'),
('en_b000115', 'course_b009', '22530029', 'A'),
('en_b000116', 'course_b010', '22530029', 'B+'),
('en_b000117', 'course_b038', '22530030', 'B-'),
('en_b000118', 'course_b039', '22530030', 'C'),
('en_b000119', 'course_b040', '22530030', 'A'),
('en_b000120', 'course_b041', '22530030', 'B+'),
('en_b000121', 'course_b069', '22530031', 'B-'),
('en_b000122', 'course_b070', '22530031', 'C'),
('en_b000123', 'course_b071', '22530031', 'A'),
('en_b000124', 'course_b072', '22530031', 'B+'),
('en_b000125', 'course_b010', '22530032', 'B+'),
('en_b000126', 'course_b011', '22530032', 'B-'),
('en_b000127', 'course_b012', '22530032', 'C'),
('en_b000128', 'course_b013', '22530032', 'A'),
('en_b000129', 'course_b041', '22530033', 'B+'),
('en_b000130', 'course_b042', '22530033', 'B-'),
('en_b000131', 'course_b043', '22530033', 'C'),
('en_b000132', 'course_b044', '22530033', 'A'),
('en_b000133', 'course_b072', '22530034', 'B+'),
('en_b000134', 'course_b073', '22530034', 'B-'),
('en_b000135', 'course_b074', '22530034', 'C'),
('en_b000136', 'course_b075', '22530034', 'A'),
('en_b000137', 'course_b013', '22530035', 'A'),
('en_b000138', 'course_b014', '22530035', 'B+'),
('en_b000139', 'course_b015', '22530035', 'B-'),
('en_b000140', 'course_b016', '22530035', 'C'),
('en_b000141', 'course_b044', '22530036', 'A'),
('en_b000142', 'course_b045', '22530036', 'B+'),
('en_b000143', 'course_b046', '22530036', 'B-'),
('en_b000144', 'course_b047', '22530036', 'C'),
('en_b000145', 'course_b075', '22530037', 'A'),
('en_b000146', 'course_b076', '22530037', 'B+'),
('en_b000147', 'course_b077', '22530037', 'B-'),
('en_b000148', 'course_b078', '22530037', 'C'),
('en_b000149', 'course_b016', '22530038', 'C'),
('en_b000150', 'course_b017', '22530038', 'A'),
('en_b000151', 'course_b018', '22530038', 'B+'),
('en_b000152', 'course_b019', '22530038', 'B-'),
('en_b000153', 'course_b047', '22530039', 'C'),
('en_b000154', 'course_b048', '22530039', 'A'),
('en_b000155', 'course_b049', '22530039', 'B+'),
('en_b000156', 'course_b050', '22530039', 'B-'),
('en_b000157', 'course_b078', '22530040', 'C'),
('en_b000158', 'course_b079', '22530040', 'A'),
('en_b000159', 'course_b080', '22530040', 'B+'),
('en_b000160', 'course_b081', '22530040', 'B-'),
('en_b000161', 'course_b019', '22530041', 'B-'),
('en_b000162', 'course_b020', '22530041', 'C'),
('en_b000163', 'course_b021', '22530041', 'A'),
('en_b000164', 'course_b022', '22530041', 'B+'),
('en_b000165', 'course_b050', '22530042', 'B-'),
('en_b000166', 'course_b051', '22530042', 'C'),
('en_b000167', 'course_b052', '22530042', 'A'),
('en_b000168', 'course_b053', '22530042', 'B+'),
('en_b000169', 'course_b081', '22530043', 'B-'),
('en_b000170', 'course_b082', '22530043', 'C'),
('en_b000171', 'course_b083', '22530043', 'A'),
('en_b000172', 'course_b084', '22530043', 'B+'),
('en_b000173', 'course_b022', '22530044', 'B+'),
('en_b000174', 'course_b023', '22530044', 'B-'),
('en_b000175', 'course_b024', '22530044', 'C'),
('en_b000176', 'course_b025', '22530044', 'A'),
('en_b000177', 'course_b053', '22530045', 'B+'),
('en_b000178', 'course_b054', '22530045', 'B-'),
('en_b000179', 'course_b055', '22530045', 'C'),
('en_b000180', 'course_b056', '22530045', 'A'),
('en_b000181', 'course_b084', '22530046', 'B+'),
('en_b000182', 'course_b085', '22530046', 'B-'),
('en_b000183', 'course_b086', '22530046', 'C'),
('en_b000184', 'course_b087', '22530046', 'A'),
('en_b000185', 'course_b025', '22530047', 'A'),
('en_b000186', 'course_b026', '22530047', 'B+'),
('en_b000187', 'course_b027', '22530047', 'B-'),
('en_b000188', 'course_b028', '22530047', 'C'),
('en_b000189', 'course_b056', '22530048', 'A'),
('en_b000190', 'course_b057', '22530048', 'B+'),
('en_b000191', 'course_b058', '22530048', 'B-'),
('en_b000192', 'course_b059', '22530048', 'C'),
('en_b000193', 'course_b087', '22530049', 'A'),
('en_b000194', 'course_b088', '22530049', 'B+'),
('en_b000195', 'course_b089', '22530049', 'B-'),
('en_b000196', 'course_b090', '22530049', 'C'),
('en_b000197', 'course_b028', '22530050', 'C'),
('en_b000198', 'course_b029', '22530050', 'A'),
('en_b000199', 'course_b030', '22530050', 'B+'),
('en_b000200', 'course_b031', '22530050', 'B-');

INSERT INTO course_enrollments (id, course_id, student_id, grade)
VALUES
('en_b000201', 'course_b059', '22530051', 'C'),
('en_b000202', 'course_b060', '22530051', 'A'),
('en_b000203', 'course_b061', '22530051', 'B+'),
('en_b000204', 'course_b062', '22530051', 'B-'),
('en_b000205', 'course_b090', '22530052', 'C'),
('en_b000206', 'course_b001', '22530052', 'C'),
('en_b000207', 'course_b002', '22530052', 'A'),
('en_b000208', 'course_b003', '22530052', 'B+'),
('en_b000209', 'course_b031', '22530053', 'B-'),
('en_b000210', 'course_b032', '22530053', 'C'),
('en_b000211', 'course_b033', '22530053', 'A'),
('en_b000212', 'course_b034', '22530053', 'B+'),
('en_b000213', 'course_b062', '22530054', 'B-'),
('en_b000214', 'course_b063', '22530054', 'C'),
('en_b000215', 'course_b064', '22530054', 'A'),
('en_b000216', 'course_b065', '22530054', 'B+'),
('en_b000217', 'course_b003', '22530055', 'B+'),
('en_b000218', 'course_b004', '22530055', 'B-'),
('en_b000219', 'course_b005', '22530055', 'C'),
('en_b000220', 'course_b006', '22530055', 'A'),
('en_b000221', 'course_b034', '22530056', 'B+'),
('en_b000222', 'course_b035', '22530056', 'B-'),
('en_b000223', 'course_b036', '22530056', 'C'),
('en_b000224', 'course_b037', '22530056', 'A'),
('en_b000225', 'course_b065', '22530057', 'B+'),
('en_b000226', 'course_b066', '22530057', 'B-'),
('en_b000227', 'course_b067', '22530057', 'C'),
('en_b000228', 'course_b068', '22530057', 'A'),
('en_b000229', 'course_b006', '22530058', 'A'),
('en_b000230', 'course_b007', '22530058', 'B+'),
('en_b000231', 'course_b008', '22530058', 'B-'),
('en_b000232', 'course_b009', '22530058', 'C'),
('en_b000233', 'course_b037', '22530059', 'A'),
('en_b000234', 'course_b038', '22530059', 'B+'),
('en_b000235', 'course_b039', '22530059', 'B-'),
('en_b000236', 'course_b040', '22530059', 'C'),
('en_b000237', 'course_b068', '22530060', 'A'),
('en_b000238', 'course_b069', '22530060', 'B+'),
('en_b000239', 'course_b070', '22530060', 'B-'),
('en_b000240', 'course_b071', '22530060', 'C'),
('en_b000241', 'course_b009', '22530061', 'C'),
('en_b000242', 'course_b010', '22530061', 'A'),
('en_b000243', 'course_b011', '22530061', 'B+'),
('en_b000244', 'course_b012', '22530061', 'B-'),
('en_b000245', 'course_b040', '22530062', 'C'),
('en_b000246', 'course_b041', '22530062', 'A'),
('en_b000247', 'course_b042', '22530062', 'B+'),
('en_b000248', 'course_b043', '22530062', 'B-'),
('en_b000249', 'course_b071', '22530063', 'C'),
('en_b000250', 'course_b072', '22530063', 'A'),
('en_b000251', 'course_b073', '22530063', 'B+'),
('en_b000252', 'course_b074', '22530063', 'B-'),
('en_b000253', 'course_b012', '22530064', 'B-'),
('en_b000254', 'course_b013', '22530064', 'C'),
('en_b000255', 'course_b014', '22530064', 'A'),
('en_b000256', 'course_b015', '22530064', 'B+'),
('en_b000257', 'course_b043', '22530065', 'B-'),
('en_b000258', 'course_b044', '22530065', 'C'),
('en_b000259', 'course_b045', '22530065', 'A'),
('en_b000260', 'course_b046', '22530065', 'B+'),
('en_b000261', 'course_b074', '22530066', 'B-'),
('en_b000262', 'course_b075', '22530066', 'C'),
('en_b000263', 'course_b076', '22530066', 'A'),
('en_b000264', 'course_b077', '22530066', 'B+'),
('en_b000265', 'course_b015', '22530067', 'B+'),
('en_b000266', 'course_b016', '22530067', 'B-'),
('en_b000267', 'course_b017', '22530067', 'C'),
('en_b000268', 'course_b018', '22530067', 'A'),
('en_b000269', 'course_b046', '22530068', 'B+'),
('en_b000270', 'course_b047', '22530068', 'B-'),
('en_b000271', 'course_b048', '22530068', 'C'),
('en_b000272', 'course_b049', '22530068', 'A'),
('en_b000273', 'course_b077', '22530069', 'B+'),
('en_b000274', 'course_b078', '22530069', 'B-'),
('en_b000275', 'course_b079', '22530069', 'C'),
('en_b000276', 'course_b080', '22530069', 'A'),
('en_b000277', 'course_b018', '22530070', 'A'),
('en_b000278', 'course_b019', '22530070', 'B+'),
('en_b000279', 'course_b020', '22530070', 'B-'),
('en_b000280', 'course_b021', '22530070', 'C'),
('en_b000281', 'course_b049', '22530071', 'A'),
('en_b000282', 'course_b050', '22530071', 'B+'),
('en_b000283', 'course_b051', '22530071', 'B-'),
('en_b000284', 'course_b052', '22530071', 'C'),
('en_b000285', 'course_b080', '22530072', 'A'),
('en_b000286', 'course_b081', '22530072', 'B+'),
('en_b000287', 'course_b082', '22530072', 'B-'),
('en_b000288', 'course_b083', '22530072', 'C'),
('en_b000289', 'course_b021', '22530073', 'C'),
('en_b000290', 'course_b022', '22530073', 'A'),
('en_b000291', 'course_b023', '22530073', 'B+'),
('en_b000292', 'course_b024', '22530073', 'B-'),
('en_b000293', 'course_b052', '22530074', 'C'),
('en_b000294', 'course_b053', '22530074', 'A'),
('en_b000295', 'course_b054', '22530074', 'B+'),
('en_b000296', 'course_b055', '22530074', 'B-'),
('en_b000297', 'course_b083', '22530075', 'C'),
('en_b000298', 'course_b084', '22530075', 'A'),
('en_b000299', 'course_b085', '22530075', 'B+'),
('en_b000300', 'course_b086', '22530075', 'B-');

INSERT INTO course_enrollments (id, course_id, student_id, grade)
VALUES
('en_b000301', 'course_b024', '22530076', 'B-'),
('en_b000302', 'course_b025', '22530076', 'C'),
('en_b000303', 'course_b026', '22530076', 'A'),
('en_b000304', 'course_b027', '22530076', 'B+'),
('en_b000305', 'course_b055', '22530077', 'B-'),
('en_b000306', 'course_b056', '22530077', 'C'),
('en_b000307', 'course_b057', '22530077', 'A'),
('en_b000308', 'course_b058', '22530077', 'B+'),
('en_b000309', 'course_b086', '22530078', 'B-'),
('en_b000310', 'course_b087', '22530078', 'C'),
('en_b000311', 'course_b088', '22530078', 'A'),
('en_b000312', 'course_b089', '22530078', 'B+'),
('en_b000313', 'course_b027', '22530079', 'B+'),
('en_b000314', 'course_b028', '22530079', 'B-'),
('en_b000315', 'course_b029', '22530079', 'C'),
('en_b000316', 'course_b030', '22530079', 'A'),
('en_b000317', 'course_b058', '22530080', 'B+'),
('en_b000318', 'course_b059', '22530080', 'B-'),
('en_b000319', 'course_b060', '22530080', 'C'),
('en_b000320', 'course_b061', '22530080', 'A'),
('en_b000321', 'course_b089', '22530081', 'B+'),
('en_b000322', 'course_b090', '22530081', 'B-'),
('en_b000323', 'course_b001', '22530081', 'B-'),
('en_b000324', 'course_b002', '22530081', 'C'),
('en_b000325', 'course_b030', '22530082', 'A'),
('en_b000326', 'course_b031', '22530082', 'B+'),
('en_b000327', 'course_b032', '22530082', 'B-'),
('en_b000328', 'course_b033', '22530082', 'C'),
('en_b000329', 'course_b061', '22530083', 'A'),
('en_b000330', 'course_b062', '22530083', 'B+'),
('en_b000331', 'course_b063', '22530083', 'B-'),
('en_b000332', 'course_b064', '22530083', 'C'),
('en_b000333', 'course_b002', '22530084', 'C'),
('en_b000334', 'course_b003', '22530084', 'A'),
('en_b000335', 'course_b004', '22530084', 'B+'),
('en_b000336', 'course_b005', '22530084', 'B-'),
('en_b000337', 'course_b033', '22530085', 'C'),
('en_b000338', 'course_b034', '22530085', 'A'),
('en_b000339', 'course_b035', '22530085', 'B+'),
('en_b000340', 'course_b036', '22530085', 'B-'),
('en_b000341', 'course_b064', '22530086', 'C'),
('en_b000342', 'course_b065', '22530086', 'A'),
('en_b000343', 'course_b066', '22530086', 'B+'),
('en_b000344', 'course_b067', '22530086', 'B-'),
('en_b000345', 'course_b005', '22530087', 'B-'),
('en_b000346', 'course_b006', '22530087', 'C'),
('en_b000347', 'course_b007', '22530087', 'A'),
('en_b000348', 'course_b008', '22530087', 'B+'),
('en_b000349', 'course_b036', '22530088', 'B-'),
('en_b000350', 'course_b037', '22530088', 'C'),
('en_b000351', 'course_b038', '22530088', 'A'),
('en_b000352', 'course_b039', '22530088', 'B+'),
('en_b000353', 'course_b067', '22530089', 'B-'),
('en_b000354', 'course_b068', '22530089', 'C'),
('en_b000355', 'course_b069', '22530089', 'A'),
('en_b000356', 'course_b070', '22530089', 'B+'),
('en_b000357', 'course_b008', '22530090', 'B+'),
('en_b000358', 'course_b009', '22530090', 'B-'),
('en_b000359', 'course_b010', '22530090', 'C'),
('en_b000360', 'course_b011', '22530090', 'A'),
('en_b000361', 'course_b039', '22530091', 'B+'),
('en_b000362', 'course_b040', '22530091', 'B-'),
('en_b000363', 'course_b041', '22530091', 'C'),
('en_b000364', 'course_b042', '22530091', 'A'),
('en_b000365', 'course_b070', '22530092', 'B+'),
('en_b000366', 'course_b071', '22530092', 'B-'),
('en_b000367', 'course_b072', '22530092', 'C'),
('en_b000368', 'course_b073', '22530092', 'A'),
('en_b000369', 'course_b011', '22530093', 'A'),
('en_b000370', 'course_b012', '22530093', 'B+'),
('en_b000371', 'course_b013', '22530093', 'B-'),
('en_b000372', 'course_b014', '22530093', 'C'),
('en_b000373', 'course_b042', '22530094', 'A'),
('en_b000374', 'course_b043', '22530094', 'B+'),
('en_b000375', 'course_b044', '22530094', 'B-'),
('en_b000376', 'course_b045', '22530094', 'C'),
('en_b000377', 'course_b073', '22530095', 'A'),
('en_b000378', 'course_b074', '22530095', 'B+'),
('en_b000379', 'course_b075', '22530095', 'B-'),
('en_b000380', 'course_b076', '22530095', 'C'),
('en_b000381', 'course_b014', '22530096', 'C'),
('en_b000382', 'course_b015', '22530096', 'A'),
('en_b000383', 'course_b016', '22530096', 'B+'),
('en_b000384', 'course_b017', '22530096', 'B-'),
('en_b000385', 'course_b045', '22530097', 'C'),
('en_b000386', 'course_b046', '22530097', 'A'),
('en_b000387', 'course_b047', '22530097', 'B+'),
('en_b000388', 'course_b048', '22530097', 'B-'),
('en_b000389', 'course_b076', '22530098', 'C'),
('en_b000390', 'course_b077', '22530098', 'A'),
('en_b000391', 'course_b078', '22530098', 'B+'),
('en_b000392', 'course_b079', '22530098', 'B-'),
('en_b000393', 'course_b017', '22530099', 'B-'),
('en_b000394', 'course_b018', '22530099', 'C'),
('en_b000395', 'course_b019', '22530099', 'A'),
('en_b000396', 'course_b020', '22530099', 'B+'),
('en_b000397', 'course_b048', '22530100', 'B-'),
('en_b000398', 'course_b049', '22530100', 'C'),
('en_b000399', 'course_b050', '22530100', 'A'),
('en_b000400', 'course_b051', '22530100', 'B+');

INSERT INTO course_enrollments (id, course_id, student_id, grade)
VALUES
('en_b000401', 'course_b079', '22530101', 'B-'),
('en_b000402', 'course_b080', '22530101', 'C'),
('en_b000403', 'course_b081', '22530101', 'A'),
('en_b000404', 'course_b082', '22530101', 'B+'),
('en_b000405', 'course_b020', '22530102', 'B+'),
('en_b000406', 'course_b021', '22530102', 'B-'),
('en_b000407', 'course_b022', '22530102', 'C'),
('en_b000408', 'course_b023', '22530102', 'A'),
('en_b000409', 'course_b051', '22530103', 'B+'),
('en_b000410', 'course_b052', '22530103', 'B-'),
('en_b000411', 'course_b053', '22530103', 'C'),
('en_b000412', 'course_b054', '22530103', 'A'),
('en_b000413', 'course_b082', '22530104', 'B+'),
('en_b000414', 'course_b083', '22530104', 'B-'),
('en_b000415', 'course_b084', '22530104', 'C'),
('en_b000416', 'course_b085', '22530104', 'A'),
('en_b000417', 'course_b023', '22530105', 'A'),
('en_b000418', 'course_b024', '22530105', 'B+'),
('en_b000419', 'course_b025', '22530105', 'B-'),
('en_b000420', 'course_b026', '22530105', 'C'),
('en_b000421', 'course_b054', '22530106', 'A'),
('en_b000422', 'course_b055', '22530106', 'B+'),
('en_b000423', 'course_b056', '22530106', 'B-'),
('en_b000424', 'course_b057', '22530106', 'C'),
('en_b000425', 'course_b085', '22530107', 'A'),
('en_b000426', 'course_b086', '22530107', 'B+'),
('en_b000427', 'course_b087', '22530107', 'B-'),
('en_b000428', 'course_b088', '22530107', 'C'),
('en_b000429', 'course_b026', '22530108', 'C'),
('en_b000430', 'course_b027', '22530108', 'A'),
('en_b000431', 'course_b028', '22530108', 'B+'),
('en_b000432', 'course_b029', '22530108', 'B-'),
('en_b000433', 'course_b057', '22530109', 'C'),
('en_b000434', 'course_b058', '22530109', 'A'),
('en_b000435', 'course_b059', '22530109', 'B+'),
('en_b000436', 'course_b060', '22530109', 'B-'),
('en_b000437', 'course_b088', '22530110', 'C'),
('en_b000438', 'course_b089', '22530110', 'A'),
('en_b000439', 'course_b090', '22530110', 'B+'),
('en_b000440', 'course_b001', '22530110', 'B+'),
('en_b000441', 'course_b029', '22530111', 'B-'),
('en_b000442', 'course_b030', '22530111', 'C'),
('en_b000443', 'course_b031', '22530111', 'A'),
('en_b000444', 'course_b032', '22530111', 'B+'),
('en_b000445', 'course_b060', '22530112', 'B-'),
('en_b000446', 'course_b061', '22530112', 'C'),
('en_b000447', 'course_b062', '22530112', 'A'),
('en_b000448', 'course_b063', '22530112', 'B+'),
('en_b000449', 'course_b001', '22530113', 'B+'),
('en_b000450', 'course_b002', '22530113', 'B-'),
('en_b000451', 'course_b003', '22530113', 'C'),
('en_b000452', 'course_b004', '22530113', 'A'),
('en_b000453', 'course_b032', '22530114', 'B+'),
('en_b000454', 'course_b033', '22530114', 'B-'),
('en_b000455', 'course_b034', '22530114', 'C'),
('en_b000456', 'course_b035', '22530114', 'A'),
('en_b000457', 'course_b063', '22530115', 'B+'),
('en_b000458', 'course_b064', '22530115', 'B-'),
('en_b000459', 'course_b065', '22530115', 'C'),
('en_b000460', 'course_b066', '22530115', 'A'),
('en_b000461', 'course_b004', '22530116', 'A'),
('en_b000462', 'course_b005', '22530116', 'B+'),
('en_b000463', 'course_b006', '22530116', 'B-'),
('en_b000464', 'course_b007', '22530116', 'C'),
('en_b000465', 'course_b035', '22530117', 'A'),
('en_b000466', 'course_b036', '22530117', 'B+'),
('en_b000467', 'course_b037', '22530117', 'B-'),
('en_b000468', 'course_b038', '22530117', 'C'),
('en_b000469', 'course_b066', '22530118', 'A'),
('en_b000470', 'course_b067', '22530118', 'B+'),
('en_b000471', 'course_b068', '22530118', 'B-'),
('en_b000472', 'course_b069', '22530118', 'C'),
('en_b000473', 'course_b007', '22530119', 'C'),
('en_b000474', 'course_b008', '22530119', 'A'),
('en_b000475', 'course_b009', '22530119', 'B+'),
('en_b000476', 'course_b010', '22530119', 'B-'),
('en_b000477', 'course_b038', '22530120', 'C'),
('en_b000478', 'course_b039', '22530120', 'A'),
('en_b000479', 'course_b040', '22530120', 'B+'),
('en_b000480', 'course_b041', '22530120', 'B-'),
('en_b000481', 'course_b069', '22530121', 'C'),
('en_b000482', 'course_b070', '22530121', 'A'),
('en_b000483', 'course_b071', '22530121', 'B+'),
('en_b000484', 'course_b072', '22530121', 'B-'),
('en_b000485', 'course_b010', '22530122', 'B-'),
('en_b000486', 'course_b011', '22530122', 'C'),
('en_b000487', 'course_b012', '22530122', 'A'),
('en_b000488', 'course_b013', '22530122', 'B+'),
('en_b000489', 'course_b041', '22530123', 'B-'),
('en_b000490', 'course_b042', '22530123', 'C'),
('en_b000491', 'course_b043', '22530123', 'A'),
('en_b000492', 'course_b044', '22530123', 'B+'),
('en_b000493', 'course_b072', '22530124', 'B-'),
('en_b000494', 'course_b073', '22530124', 'C'),
('en_b000495', 'course_b074', '22530124', 'A'),
('en_b000496', 'course_b075', '22530124', 'B+'),
('en_b000497', 'course_b013', '22530125', 'B+'),
('en_b000498', 'course_b014', '22530125', 'B-'),
('en_b000499', 'course_b015', '22530125', 'C'),
('en_b000500', 'course_b016', '22530125', 'A');

INSERT INTO course_enrollments (id, course_id, student_id, grade)
VALUES
('en_b000501', 'course_b044', '22530126', 'B+'),
('en_b000502', 'course_b045', '22530126', 'B-'),
('en_b000503', 'course_b046', '22530126', 'C'),
('en_b000504', 'course_b047', '22530126', 'A'),
('en_b000505', 'course_b075', '22530127', 'B+'),
('en_b000506', 'course_b076', '22530127', 'B-'),
('en_b000507', 'course_b077', '22530127', 'C'),
('en_b000508', 'course_b078', '22530127', 'A'),
('en_b000509', 'course_b016', '22530128', 'A'),
('en_b000510', 'course_b017', '22530128', 'B+'),
('en_b000511', 'course_b018', '22530128', 'B-'),
('en_b000512', 'course_b019', '22530128', 'C'),
('en_b000513', 'course_b047', '22530129', 'A'),
('en_b000514', 'course_b048', '22530129', 'B+'),
('en_b000515', 'course_b049', '22530129', 'B-'),
('en_b000516', 'course_b050', '22530129', 'C'),
('en_b000517', 'course_b078', '22530130', 'A'),
('en_b000518', 'course_b079', '22530130', 'B+'),
('en_b000519', 'course_b080', '22530130', 'B-'),
('en_b000520', 'course_b081', '22530130', 'C'),
('en_b000521', 'course_b019', '22530131', 'C'),
('en_b000522', 'course_b020', '22530131', 'A'),
('en_b000523', 'course_b021', '22530131', 'B+'),
('en_b000524', 'course_b022', '22530131', 'B-'),
('en_b000525', 'course_b050', '22530132', 'C'),
('en_b000526', 'course_b051', '22530132', 'A'),
('en_b000527', 'course_b052', '22530132', 'B+'),
('en_b000528', 'course_b053', '22530132', 'B-'),
('en_b000529', 'course_b081', '22530133', 'C'),
('en_b000530', 'course_b082', '22530133', 'A'),
('en_b000531', 'course_b083', '22530133', 'B+'),
('en_b000532', 'course_b084', '22530133', 'B-'),
('en_b000533', 'course_b022', '22530134', 'B-'),
('en_b000534', 'course_b023', '22530134', 'C'),
('en_b000535', 'course_b024', '22530134', 'A'),
('en_b000536', 'course_b025', '22530134', 'B+'),
('en_b000537', 'course_b053', '22530135', 'B-'),
('en_b000538', 'course_b054', '22530135', 'C'),
('en_b000539', 'course_b055', '22530135', 'A'),
('en_b000540', 'course_b056', '22530135', 'B+'),
('en_b000541', 'course_b084', '22530136', 'B-'),
('en_b000542', 'course_b085', '22530136', 'C'),
('en_b000543', 'course_b086', '22530136', 'A'),
('en_b000544', 'course_b087', '22530136', 'B+'),
('en_b000545', 'course_b025', '22530137', 'B+'),
('en_b000546', 'course_b026', '22530137', 'B-'),
('en_b000547', 'course_b027', '22530137', 'C'),
('en_b000548', 'course_b028', '22530137', 'A'),
('en_b000549', 'course_b056', '22530138', 'B+'),
('en_b000550', 'course_b057', '22530138', 'B-'),
('en_b000551', 'course_b058', '22530138', 'C'),
('en_b000552', 'course_b059', '22530138', 'A'),
('en_b000553', 'course_b087', '22530139', 'B+'),
('en_b000554', 'course_b088', '22530139', 'B-'),
('en_b000555', 'course_b089', '22530139', 'C'),
('en_b000556', 'course_b090', '22530139', 'A'),
('en_b000557', 'course_b028', '22530140', 'A'),
('en_b000558', 'course_b029', '22530140', 'B+'),
('en_b000559', 'course_b030', '22530140', 'B-'),
('en_b000560', 'course_b031', '22530140', 'C'),
('en_b000561', 'course_b059', '22530141', 'A'),
('en_b000562', 'course_b060', '22530141', 'B+'),
('en_b000563', 'course_b061', '22530141', 'B-'),
('en_b000564', 'course_b062', '22530141', 'C'),
('en_b000565', 'course_b090', '22530142', 'A'),
('en_b000566', 'course_b001', '22530142', 'A'),
('en_b000567', 'course_b002', '22530142', 'B+'),
('en_b000568', 'course_b003', '22530142', 'B-'),
('en_b000569', 'course_b031', '22530143', 'C'),
('en_b000570', 'course_b032', '22530143', 'A'),
('en_b000571', 'course_b033', '22530143', 'B+'),
('en_b000572', 'course_b034', '22530143', 'B-'),
('en_b000573', 'course_b062', '22530144', 'C'),
('en_b000574', 'course_b063', '22530144', 'A'),
('en_b000575', 'course_b064', '22530144', 'B+'),
('en_b000576', 'course_b065', '22530144', 'B-'),
('en_b000577', 'course_b003', '22530145', 'B-'),
('en_b000578', 'course_b004', '22530145', 'C'),
('en_b000579', 'course_b005', '22530145', 'A'),
('en_b000580', 'course_b006', '22530145', 'B+'),
('en_b000581', 'course_b034', '22530146', 'B-'),
('en_b000582', 'course_b035', '22530146', 'C'),
('en_b000583', 'course_b036', '22530146', 'A'),
('en_b000584', 'course_b037', '22530146', 'B+'),
('en_b000585', 'course_b065', '22530147', 'B-'),
('en_b000586', 'course_b066', '22530147', 'C'),
('en_b000587', 'course_b067', '22530147', 'A'),
('en_b000588', 'course_b068', '22530147', 'B+'),
('en_b000589', 'course_b006', '22530148', 'B+'),
('en_b000590', 'course_b007', '22530148', 'B-'),
('en_b000591', 'course_b008', '22530148', 'C'),
('en_b000592', 'course_b009', '22530148', 'A'),
('en_b000593', 'course_b037', '22530149', 'B+'),
('en_b000594', 'course_b038', '22530149', 'B-'),
('en_b000595', 'course_b039', '22530149', 'C'),
('en_b000596', 'course_b040', '22530149', 'A'),
('en_b000597', 'course_b068', '22530150', 'B+'),
('en_b000598', 'course_b069', '22530150', 'B-'),
('en_b000599', 'course_b070', '22530150', 'C'),
('en_b000600', 'course_b071', '22530150', 'A');

INSERT INTO course_enrollments (id, course_id, student_id, grade)
VALUES
('en_b000601', 'course_b009', '22530151', 'A'),
('en_b000602', 'course_b010', '22530151', 'B+'),
('en_b000603', 'course_b011', '22530151', 'B-'),
('en_b000604', 'course_b012', '22530151', 'C'),
('en_b000605', 'course_b040', '22530152', 'A'),
('en_b000606', 'course_b041', '22530152', 'B+'),
('en_b000607', 'course_b042', '22530152', 'B-'),
('en_b000608', 'course_b043', '22530152', 'C'),
('en_b000609', 'course_b071', '22530153', 'A'),
('en_b000610', 'course_b072', '22530153', 'B+'),
('en_b000611', 'course_b073', '22530153', 'B-'),
('en_b000612', 'course_b074', '22530153', 'C'),
('en_b000613', 'course_b012', '22530154', 'C'),
('en_b000614', 'course_b013', '22530154', 'A'),
('en_b000615', 'course_b014', '22530154', 'B+'),
('en_b000616', 'course_b015', '22530154', 'B-'),
('en_b000617', 'course_b043', '22530155', 'C'),
('en_b000618', 'course_b044', '22530155', 'A'),
('en_b000619', 'course_b045', '22530155', 'B+'),
('en_b000620', 'course_b046', '22530155', 'B-'),
('en_b000621', 'course_b074', '22530156', 'C'),
('en_b000622', 'course_b075', '22530156', 'A'),
('en_b000623', 'course_b076', '22530156', 'B+'),
('en_b000624', 'course_b077', '22530156', 'B-'),
('en_b000625', 'course_b015', '22530157', 'B-'),
('en_b000626', 'course_b016', '22530157', 'C'),
('en_b000627', 'course_b017', '22530157', 'A'),
('en_b000628', 'course_b018', '22530157', 'B+'),
('en_b000629', 'course_b046', '22530158', 'B-'),
('en_b000630', 'course_b047', '22530158', 'C'),
('en_b000631', 'course_b048', '22530158', 'A'),
('en_b000632', 'course_b049', '22530158', 'B+'),
('en_b000633', 'course_b077', '22530159', 'B-'),
('en_b000634', 'course_b078', '22530159', 'C'),
('en_b000635', 'course_b079', '22530159', 'A'),
('en_b000636', 'course_b080', '22530159', 'B+'),
('en_b000637', 'course_b018', '22530160', 'B+'),
('en_b000638', 'course_b019', '22530160', 'B-'),
('en_b000639', 'course_b020', '22530160', 'C'),
('en_b000640', 'course_b021', '22530160', 'A'),
('en_b000641', 'course_b049', '22530161', 'B+'),
('en_b000642', 'course_b050', '22530161', 'B-'),
('en_b000643', 'course_b051', '22530161', 'C'),
('en_b000644', 'course_b052', '22530161', 'A'),
('en_b000645', 'course_b080', '22530162', 'B+'),
('en_b000646', 'course_b081', '22530162', 'B-'),
('en_b000647', 'course_b082', '22530162', 'C'),
('en_b000648', 'course_b083', '22530162', 'A'),
('en_b000649', 'course_b021', '22530163', 'A'),
('en_b000650', 'course_b022', '22530163', 'B+'),
('en_b000651', 'course_b023', '22530163', 'B-'),
('en_b000652', 'course_b024', '22530163', 'C'),
('en_b000653', 'course_b052', '22530164', 'A'),
('en_b000654', 'course_b053', '22530164', 'B+'),
('en_b000655', 'course_b054', '22530164', 'B-'),
('en_b000656', 'course_b055', '22530164', 'C'),
('en_b000657', 'course_b083', '22530165', 'A'),
('en_b000658', 'course_b084', '22530165', 'B+'),
('en_b000659', 'course_b085', '22530165', 'B-'),
('en_b000660', 'course_b086', '22530165', 'C'),
('en_b000661', 'course_b024', '22530166', 'C'),
('en_b000662', 'course_b025', '22530166', 'A'),
('en_b000663', 'course_b026', '22530166', 'B+'),
('en_b000664', 'course_b027', '22530166', 'B-'),
('en_b000665', 'course_b055', '22530167', 'C'),
('en_b000666', 'course_b056', '22530167', 'A'),
('en_b000667', 'course_b057', '22530167', 'B+'),
('en_b000668', 'course_b058', '22530167', 'B-'),
('en_b000669', 'course_b086', '22530168', 'C'),
('en_b000670', 'course_b087', '22530168', 'A'),
('en_b000671', 'course_b088', '22530168', 'B+'),
('en_b000672', 'course_b089', '22530168', 'B-'),
('en_b000673', 'course_b027', '22530169', 'B-'),
('en_b000674', 'course_b028', '22530169', 'C'),
('en_b000675', 'course_b029', '22530169', 'A'),
('en_b000676', 'course_b030', '22530169', 'B+'),
('en_b000677', 'course_b058', '22530170', 'B-'),
('en_b000678', 'course_b059', '22530170', 'C'),
('en_b000679', 'course_b060', '22530170', 'A'),
('en_b000680', 'course_b061', '22530170', 'B+'),
('en_b000681', 'course_b089', '22530171', 'B-'),
('en_b000682', 'course_b090', '22530171', 'C'),
('en_b000683', 'course_b001', '22530171', 'C'),
('en_b000684', 'course_b002', '22530171', 'A'),
('en_b000685', 'course_b030', '22530172', 'B+'),
('en_b000686', 'course_b031', '22530172', 'B-'),
('en_b000687', 'course_b032', '22530172', 'C'),
('en_b000688', 'course_b033', '22530172', 'A'),
('en_b000689', 'course_b061', '22530173', 'B+'),
('en_b000690', 'course_b062', '22530173', 'B-'),
('en_b000691', 'course_b063', '22530173', 'C'),
('en_b000692', 'course_b064', '22530173', 'A'),
('en_b000693', 'course_b002', '22530174', 'A'),
('en_b000694', 'course_b003', '22530174', 'B+'),
('en_b000695', 'course_b004', '22530174', 'B-'),
('en_b000696', 'course_b005', '22530174', 'C'),
('en_b000697', 'course_b033', '22530175', 'A'),
('en_b000698', 'course_b034', '22530175', 'B+'),
('en_b000699', 'course_b035', '22530175', 'B-'),
('en_b000700', 'course_b036', '22530175', 'C');

INSERT INTO course_enrollments (id, course_id, student_id, grade)
VALUES
('en_b000701', 'course_b064', '22530176', 'A'),
('en_b000702', 'course_b065', '22530176', 'B+'),
('en_b000703', 'course_b066', '22530176', 'B-'),
('en_b000704', 'course_b067', '22530176', 'C'),
('en_b000705', 'course_b005', '22530177', 'C'),
('en_b000706', 'course_b006', '22530177', 'A'),
('en_b000707', 'course_b007', '22530177', 'B+'),
('en_b000708', 'course_b008', '22530177', 'B-'),
('en_b000709', 'course_b036', '22530178', 'C'),
('en_b000710', 'course_b037', '22530178', 'A'),
('en_b000711', 'course_b038', '22530178', 'B+'),
('en_b000712', 'course_b039', '22530178', 'B-'),
('en_b000713', 'course_b067', '22530179', 'C'),
('en_b000714', 'course_b068', '22530179', 'A'),
('en_b000715', 'course_b069', '22530179', 'B+'),
('en_b000716', 'course_b070', '22530179', 'B-'),
('en_b000717', 'course_b008', '22530180', 'B-'),
('en_b000718', 'course_b009', '22530180', 'C'),
('en_b000719', 'course_b010', '22530180', 'A'),
('en_b000720', 'course_b011', '22530180', 'B+'),
('en_b000721', 'course_b039', '22530181', 'B-'),
('en_b000722', 'course_b040', '22530181', 'C'),
('en_b000723', 'course_b041', '22530181', 'A'),
('en_b000724', 'course_b042', '22530181', 'B+'),
('en_b000725', 'course_b070', '22530182', 'B-'),
('en_b000726', 'course_b071', '22530182', 'C'),
('en_b000727', 'course_b072', '22530182', 'A'),
('en_b000728', 'course_b073', '22530182', 'B+'),
('en_b000729', 'course_b011', '22530183', 'B+'),
('en_b000730', 'course_b012', '22530183', 'B-'),
('en_b000731', 'course_b013', '22530183', 'C'),
('en_b000732', 'course_b014', '22530183', 'A'),
('en_b000733', 'course_b042', '22530184', 'B+'),
('en_b000734', 'course_b043', '22530184', 'B-'),
('en_b000735', 'course_b044', '22530184', 'C'),
('en_b000736', 'course_b045', '22530184', 'A'),
('en_b000737', 'course_b073', '22530185', 'B+'),
('en_b000738', 'course_b074', '22530185', 'B-'),
('en_b000739', 'course_b075', '22530185', 'C'),
('en_b000740', 'course_b076', '22530185', 'A'),
('en_b000741', 'course_b014', '22530186', 'A'),
('en_b000742', 'course_b015', '22530186', 'B+'),
('en_b000743', 'course_b016', '22530186', 'B-'),
('en_b000744', 'course_b017', '22530186', 'C'),
('en_b000745', 'course_b045', '22530187', 'A'),
('en_b000746', 'course_b046', '22530187', 'B+'),
('en_b000747', 'course_b047', '22530187', 'B-'),
('en_b000748', 'course_b048', '22530187', 'C'),
('en_b000749', 'course_b076', '22530188', 'A'),
('en_b000750', 'course_b077', '22530188', 'B+'),
('en_b000751', 'course_b078', '22530188', 'B-'),
('en_b000752', 'course_b079', '22530188', 'C'),
('en_b000753', 'course_b017', '22530189', 'C'),
('en_b000754', 'course_b018', '22530189', 'A'),
('en_b000755', 'course_b019', '22530189', 'B+'),
('en_b000756', 'course_b020', '22530189', 'B-'),
('en_b000757', 'course_b048', '22530190', 'C'),
('en_b000758', 'course_b049', '22530190', 'A'),
('en_b000759', 'course_b050', '22530190', 'B+'),
('en_b000760', 'course_b051', '22530190', 'B-'),
('en_b000761', 'course_b079', '22530191', 'C'),
('en_b000762', 'course_b080', '22530191', 'A'),
('en_b000763', 'course_b081', '22530191', 'B+'),
('en_b000764', 'course_b082', '22530191', 'B-'),
('en_b000765', 'course_b020', '22530192', 'B-'),
('en_b000766', 'course_b021', '22530192', 'C'),
('en_b000767', 'course_b022', '22530192', 'A'),
('en_b000768', 'course_b023', '22530192', 'B+'),
('en_b000769', 'course_b051', '22530193', 'B-'),
('en_b000770', 'course_b052', '22530193', 'C'),
('en_b000771', 'course_b053', '22530193', 'A'),
('en_b000772', 'course_b054', '22530193', 'B+'),
('en_b000773', 'course_b082', '22530194', 'B-'),
('en_b000774', 'course_b083', '22530194', 'C'),
('en_b000775', 'course_b084', '22530194', 'A'),
('en_b000776', 'course_b085', '22530194', 'B+'),
('en_b000777', 'course_b023', '22530195', 'B+'),
('en_b000778', 'course_b024', '22530195', 'B-'),
('en_b000779', 'course_b025', '22530195', 'C'),
('en_b000780', 'course_b026', '22530195', 'A'),
('en_b000781', 'course_b054', '22530196', 'B+'),
('en_b000782', 'course_b055', '22530196', 'B-'),
('en_b000783', 'course_b056', '22530196', 'C'),
('en_b000784', 'course_b057', '22530196', 'A'),
('en_b000785', 'course_b085', '22530197', 'B+'),
('en_b000786', 'course_b086', '22530197', 'B-'),
('en_b000787', 'course_b087', '22530197', 'C'),
('en_b000788', 'course_b088', '22530197', 'A'),
('en_b000789', 'course_b026', '22530198', 'A'),
('en_b000790', 'course_b027', '22530198', 'B+'),
('en_b000791', 'course_b028', '22530198', 'B-'),
('en_b000792', 'course_b029', '22530198', 'C'),
('en_b000793', 'course_b057', '22530199', 'A'),
('en_b000794', 'course_b058', '22530199', 'B+'),
('en_b000795', 'course_b059', '22530199', 'B-'),
('en_b000796', 'course_b060', '22530199', 'C'),
('en_b000797', 'course_b088', '22530200', 'A'),
('en_b000798', 'course_b089', '22530200', 'B+'),
('en_b000799', 'course_b090', '22530200', 'B-'),
('en_b000800', 'course_b001', '22530200', 'B-');

INSERT INTO course_enrollments (id, course_id, student_id, grade)
VALUES
('en_b000801', 'course_b029', '22530201', 'C'),
('en_b000802', 'course_b030', '22530201', 'A'),
('en_b000803', 'course_b031', '22530201', 'B+'),
('en_b000804', 'course_b032', '22530201', 'B-'),
('en_b000805', 'course_b060', '22530202', 'C'),
('en_b000806', 'course_b061', '22530202', 'A'),
('en_b000807', 'course_b062', '22530202', 'B+'),
('en_b000808', 'course_b063', '22530202', 'B-'),
('en_b000809', 'course_b001', '22530203', 'B-'),
('en_b000810', 'course_b002', '22530203', 'C'),
('en_b000811', 'course_b003', '22530203', 'A'),
('en_b000812', 'course_b004', '22530203', 'B+'),
('en_b000813', 'course_b032', '22530204', 'B-'),
('en_b000814', 'course_b033', '22530204', 'C'),
('en_b000815', 'course_b034', '22530204', 'A'),
('en_b000816', 'course_b035', '22530204', 'B+'),
('en_b000817', 'course_b063', '22530205', 'B-'),
('en_b000818', 'course_b064', '22530205', 'C'),
('en_b000819', 'course_b065', '22530205', 'A'),
('en_b000820', 'course_b066', '22530205', 'B+'),
('en_b000821', 'course_b004', '22530206', 'B+'),
('en_b000822', 'course_b005', '22530206', 'B-'),
('en_b000823', 'course_b006', '22530206', 'C'),
('en_b000824', 'course_b007', '22530206', 'A'),
('en_b000825', 'course_b035', '22530207', 'B+'),
('en_b000826', 'course_b036', '22530207', 'B-'),
('en_b000827', 'course_b037', '22530207', 'C'),
('en_b000828', 'course_b038', '22530207', 'A'),
('en_b000829', 'course_b066', '22530208', 'B+'),
('en_b000830', 'course_b067', '22530208', 'B-'),
('en_b000831', 'course_b068', '22530208', 'C'),
('en_b000832', 'course_b069', '22530208', 'A'),
('en_b000833', 'course_b007', '22530209', 'A'),
('en_b000834', 'course_b008', '22530209', 'B+'),
('en_b000835', 'course_b009', '22530209', 'B-'),
('en_b000836', 'course_b010', '22530209', 'C'),
('en_b000837', 'course_b038', '22530210', 'A'),
('en_b000838', 'course_b039', '22530210', 'B+'),
('en_b000839', 'course_b040', '22530210', 'B-'),
('en_b000840', 'course_b041', '22530210', 'C'),
('en_b000841', 'course_b069', '22530211', 'A'),
('en_b000842', 'course_b070', '22530211', 'B+'),
('en_b000843', 'course_b071', '22530211', 'B-'),
('en_b000844', 'course_b072', '22530211', 'C'),
('en_b000845', 'course_b010', '22530212', 'C'),
('en_b000846', 'course_b011', '22530212', 'A'),
('en_b000847', 'course_b012', '22530212', 'B+'),
('en_b000848', 'course_b013', '22530212', 'B-'),
('en_b000849', 'course_b041', '22530213', 'C'),
('en_b000850', 'course_b042', '22530213', 'A'),
('en_b000851', 'course_b043', '22530213', 'B+'),
('en_b000852', 'course_b044', '22530213', 'B-'),
('en_b000853', 'course_b072', '22530214', 'C'),
('en_b000854', 'course_b073', '22530214', 'A'),
('en_b000855', 'course_b074', '22530214', 'B+'),
('en_b000856', 'course_b075', '22530214', 'B-'),
('en_b000857', 'course_b013', '22530215', 'B-'),
('en_b000858', 'course_b014', '22530215', 'C'),
('en_b000859', 'course_b015', '22530215', 'A'),
('en_b000860', 'course_b016', '22530215', 'B+'),
('en_b000861', 'course_b044', '22530216', 'B-'),
('en_b000862', 'course_b045', '22530216', 'C'),
('en_b000863', 'course_b046', '22530216', 'A'),
('en_b000864', 'course_b047', '22530216', 'B+'),
('en_b000865', 'course_b075', '22530217', 'B-'),
('en_b000866', 'course_b076', '22530217', 'C'),
('en_b000867', 'course_b077', '22530217', 'A'),
('en_b000868', 'course_b078', '22530217', 'B+'),
('en_b000869', 'course_b016', '22530218', 'B+'),
('en_b000870', 'course_b017', '22530218', 'B-'),
('en_b000871', 'course_b018', '22530218', 'C'),
('en_b000872', 'course_b019', '22530218', 'A'),
('en_b000873', 'course_b047', '22530219', 'B+'),
('en_b000874', 'course_b048', '22530219', 'B-'),
('en_b000875', 'course_b049', '22530219', 'C'),
('en_b000876', 'course_b050', '22530219', 'A'),
('en_b000877', 'course_b078', '22530220', 'B+'),
('en_b000878', 'course_b079', '22530220', 'B-'),
('en_b000879', 'course_b080', '22530220', 'C'),
('en_b000880', 'course_b081', '22530220', 'A'),
('en_b000881', 'course_b019', '22530221', 'A'),
('en_b000882', 'course_b020', '22530221', 'B+'),
('en_b000883', 'course_b021', '22530221', 'B-'),
('en_b000884', 'course_b022', '22530221', 'C'),
('en_b000885', 'course_b050', '22530222', 'A'),
('en_b000886', 'course_b051', '22530222', 'B+'),
('en_b000887', 'course_b052', '22530222', 'B-'),
('en_b000888', 'course_b053', '22530222', 'C'),
('en_b000889', 'course_b081', '22530223', 'A'),
('en_b000890', 'course_b082', '22530223', 'B+'),
('en_b000891', 'course_b083', '22530223', 'B-'),
('en_b000892', 'course_b084', '22530223', 'C'),
('en_b000893', 'course_b022', '22530224', 'C'),
('en_b000894', 'course_b023', '22530224', 'A'),
('en_b000895', 'course_b024', '22530224', 'B+'),
('en_b000896', 'course_b025', '22530224', 'B-'),
('en_b000897', 'course_b053', '22530225', 'C'),
('en_b000898', 'course_b054', '22530225', 'A'),
('en_b000899', 'course_b055', '22530225', 'B+'),
('en_b000900', 'course_b056', '22530225', 'B-');

INSERT INTO course_enrollments (id, course_id, student_id, grade)
VALUES
('en_b000901', 'course_b084', '22530226', 'C'),
('en_b000902', 'course_b085', '22530226', 'A'),
('en_b000903', 'course_b086', '22530226', 'B+'),
('en_b000904', 'course_b087', '22530226', 'B-'),
('en_b000905', 'course_b025', '22530227', 'B-'),
('en_b000906', 'course_b026', '22530227', 'C'),
('en_b000907', 'course_b027', '22530227', 'A'),
('en_b000908', 'course_b028', '22530227', 'B+'),
('en_b000909', 'course_b056', '22530228', 'B-'),
('en_b000910', 'course_b057', '22530228', 'C'),
('en_b000911', 'course_b058', '22530228', 'A'),
('en_b000912', 'course_b059', '22530228', 'B+'),
('en_b000913', 'course_b087', '22530229', 'B-'),
('en_b000914', 'course_b088', '22530229', 'C'),
('en_b000915', 'course_b089', '22530229', 'A'),
('en_b000916', 'course_b090', '22530229', 'B+'),
('en_b000917', 'course_b028', '22530230', 'B+'),
('en_b000918', 'course_b029', '22530230', 'B-'),
('en_b000919', 'course_b030', '22530230', 'C'),
('en_b000920', 'course_b031', '22530230', 'A'),
('en_b000921', 'course_b059', '22530231', 'B+'),
('en_b000922', 'course_b060', '22530231', 'B-'),
('en_b000923', 'course_b061', '22530231', 'C'),
('en_b000924', 'course_b062', '22530231', 'A'),
('en_b000925', 'course_b090', '22530232', 'B+'),
('en_b000926', 'course_b001', '22530232', 'B+'),
('en_b000927', 'course_b002', '22530232', 'B-'),
('en_b000928', 'course_b003', '22530232', 'C'),
('en_b000929', 'course_b031', '22530233', 'A'),
('en_b000930', 'course_b032', '22530233', 'B+'),
('en_b000931', 'course_b033', '22530233', 'B-'),
('en_b000932', 'course_b034', '22530233', 'C'),
('en_b000933', 'course_b062', '22530234', 'A'),
('en_b000934', 'course_b063', '22530234', 'B+'),
('en_b000935', 'course_b064', '22530234', 'B-'),
('en_b000936', 'course_b065', '22530234', 'C'),
('en_b000937', 'course_b003', '22530235', 'C'),
('en_b000938', 'course_b004', '22530235', 'A'),
('en_b000939', 'course_b005', '22530235', 'B+'),
('en_b000940', 'course_b006', '22530235', 'B-'),
('en_b000941', 'course_b034', '22530236', 'C'),
('en_b000942', 'course_b035', '22530236', 'A'),
('en_b000943', 'course_b036', '22530236', 'B+'),
('en_b000944', 'course_b037', '22530236', 'B-'),
('en_b000945', 'course_b065', '22530237', 'C'),
('en_b000946', 'course_b066', '22530237', 'A'),
('en_b000947', 'course_b067', '22530237', 'B+'),
('en_b000948', 'course_b068', '22530237', 'B-'),
('en_b000949', 'course_b006', '22530238', 'B-'),
('en_b000950', 'course_b007', '22530238', 'C'),
('en_b000951', 'course_b008', '22530238', 'A'),
('en_b000952', 'course_b009', '22530238', 'B+'),
('en_b000953', 'course_b037', '22530239', 'B-'),
('en_b000954', 'course_b038', '22530239', 'C'),
('en_b000955', 'course_b039', '22530239', 'A'),
('en_b000956', 'course_b040', '22530239', 'B+'),
('en_b000957', 'course_b068', '22530240', 'B-'),
('en_b000958', 'course_b069', '22530240', 'C'),
('en_b000959', 'course_b070', '22530240', 'A'),
('en_b000960', 'course_b071', '22530240', 'B+'),
('en_b000961', 'course_b009', '22530241', 'B+'),
('en_b000962', 'course_b010', '22530241', 'B-'),
('en_b000963', 'course_b011', '22530241', 'C'),
('en_b000964', 'course_b012', '22530241', 'A'),
('en_b000965', 'course_b040', '22530242', 'B+'),
('en_b000966', 'course_b041', '22530242', 'B-'),
('en_b000967', 'course_b042', '22530242', 'C'),
('en_b000968', 'course_b043', '22530242', 'A'),
('en_b000969', 'course_b071', '22530243', 'B+'),
('en_b000970', 'course_b072', '22530243', 'B-'),
('en_b000971', 'course_b073', '22530243', 'C'),
('en_b000972', 'course_b074', '22530243', 'A'),
('en_b000973', 'course_b012', '22530244', 'A'),
('en_b000974', 'course_b013', '22530244', 'B+'),
('en_b000975', 'course_b014', '22530244', 'B-'),
('en_b000976', 'course_b015', '22530244', 'C'),
('en_b000977', 'course_b043', '22530245', 'A'),
('en_b000978', 'course_b044', '22530245', 'B+'),
('en_b000979', 'course_b045', '22530245', 'B-'),
('en_b000980', 'course_b046', '22530245', 'C'),
('en_b000981', 'course_b074', '22530246', 'A'),
('en_b000982', 'course_b075', '22530246', 'B+'),
('en_b000983', 'course_b076', '22530246', 'B-'),
('en_b000984', 'course_b077', '22530246', 'C'),
('en_b000985', 'course_b015', '22530247', 'C'),
('en_b000986', 'course_b016', '22530247', 'A'),
('en_b000987', 'course_b017', '22530247', 'B+'),
('en_b000988', 'course_b018', '22530247', 'B-'),
('en_b000989', 'course_b046', '22530248', 'C'),
('en_b000990', 'course_b047', '22530248', 'A'),
('en_b000991', 'course_b048', '22530248', 'B+'),
('en_b000992', 'course_b049', '22530248', 'B-'),
('en_b000993', 'course_b077', '22530249', 'C'),
('en_b000994', 'course_b078', '22530249', 'A'),
('en_b000995', 'course_b079', '22530249', 'B+'),
('en_b000996', 'course_b080', '22530249', 'B-'),
('en_b000997', 'course_b018', '22530250', 'B-'),
('en_b000998', 'course_b019', '22530250', 'C'),
('en_b000999', 'course_b020', '22530250', 'A'),
('en_b001000', 'course_b021', '22530250', 'B+');

INSERT INTO course_enrollments (id, course_id, student_id, grade)
VALUES
('en_b001001', 'course_b049', '22530251', 'B-'),
('en_b001002', 'course_b050', '22530251', 'C'),
('en_b001003', 'course_b051', '22530251', 'A'),
('en_b001004', 'course_b052', '22530251', 'B+'),
('en_b001005', 'course_b080', '22530252', 'B-'),
('en_b001006', 'course_b081', '22530252', 'C'),
('en_b001007', 'course_b082', '22530252', 'A'),
('en_b001008', 'course_b083', '22530252', 'B+'),
('en_b001009', 'course_b021', '22530253', 'B+'),
('en_b001010', 'course_b022', '22530253', 'B-'),
('en_b001011', 'course_b023', '22530253', 'C'),
('en_b001012', 'course_b024', '22530253', 'A'),
('en_b001013', 'course_b052', '22530254', 'B+'),
('en_b001014', 'course_b053', '22530254', 'B-'),
('en_b001015', 'course_b054', '22530254', 'C'),
('en_b001016', 'course_b055', '22530254', 'A'),
('en_b001017', 'course_b083', '22530255', 'B+'),
('en_b001018', 'course_b084', '22530255', 'B-'),
('en_b001019', 'course_b085', '22530255', 'C'),
('en_b001020', 'course_b086', '22530255', 'A'),
('en_b001021', 'course_b024', '22530256', 'A'),
('en_b001022', 'course_b025', '22530256', 'B+'),
('en_b001023', 'course_b026', '22530256', 'B-'),
('en_b001024', 'course_b027', '22530256', 'C'),
('en_b001025', 'course_b055', '22530257', 'A'),
('en_b001026', 'course_b056', '22530257', 'B+'),
('en_b001027', 'course_b057', '22530257', 'B-'),
('en_b001028', 'course_b058', '22530257', 'C'),
('en_b001029', 'course_b086', '22530258', 'A'),
('en_b001030', 'course_b087', '22530258', 'B+'),
('en_b001031', 'course_b088', '22530258', 'B-'),
('en_b001032', 'course_b089', '22530258', 'C'),
('en_b001033', 'course_b027', '22530259', 'C'),
('en_b001034', 'course_b028', '22530259', 'A'),
('en_b001035', 'course_b029', '22530259', 'B+'),
('en_b001036', 'course_b030', '22530259', 'B-'),
('en_b001037', 'course_b058', '22530260', 'C'),
('en_b001038', 'course_b059', '22530260', 'A'),
('en_b001039', 'course_b060', '22530260', 'B+'),
('en_b001040', 'course_b061', '22530260', 'B-'),
('en_b001041', 'course_b089', '22530261', 'C'),
('en_b001042', 'course_b090', '22530261', 'A'),
('en_b001043', 'course_b001', '22530261', 'A'),
('en_b001044', 'course_b002', '22530261', 'B+'),
('en_b001045', 'course_b030', '22530262', 'B-'),
('en_b001046', 'course_b031', '22530262', 'C'),
('en_b001047', 'course_b032', '22530262', 'A'),
('en_b001048', 'course_b033', '22530262', 'B+'),
('en_b001049', 'course_b061', '22530263', 'B-'),
('en_b001050', 'course_b062', '22530263', 'C'),
('en_b001051', 'course_b063', '22530263', 'A'),
('en_b001052', 'course_b064', '22530263', 'B+'),
('en_b001053', 'course_b002', '22530264', 'B+'),
('en_b001054', 'course_b003', '22530264', 'B-'),
('en_b001055', 'course_b004', '22530264', 'C'),
('en_b001056', 'course_b005', '22530264', 'A'),
('en_b001057', 'course_b033', '22530265', 'B+'),
('en_b001058', 'course_b034', '22530265', 'B-'),
('en_b001059', 'course_b035', '22530265', 'C'),
('en_b001060', 'course_b036', '22530265', 'A'),
('en_b001061', 'course_b064', '22530266', 'B+'),
('en_b001062', 'course_b065', '22530266', 'B-'),
('en_b001063', 'course_b066', '22530266', 'C'),
('en_b001064', 'course_b067', '22530266', 'A'),
('en_b001065', 'course_b005', '22530267', 'A'),
('en_b001066', 'course_b006', '22530267', 'B+'),
('en_b001067', 'course_b007', '22530267', 'B-'),
('en_b001068', 'course_b008', '22530267', 'C'),
('en_b001069', 'course_b036', '22530268', 'A'),
('en_b001070', 'course_b037', '22530268', 'B+'),
('en_b001071', 'course_b038', '22530268', 'B-'),
('en_b001072', 'course_b039', '22530268', 'C'),
('en_b001073', 'course_b067', '22530269', 'A'),
('en_b001074', 'course_b068', '22530269', 'B+'),
('en_b001075', 'course_b069', '22530269', 'B-'),
('en_b001076', 'course_b070', '22530269', 'C'),
('en_b001077', 'course_b008', '22530270', 'C'),
('en_b001078', 'course_b009', '22530270', 'A'),
('en_b001079', 'course_b010', '22530270', 'B+'),
('en_b001080', 'course_b011', '22530270', 'B-'),
('en_b001081', 'course_b039', '22530271', 'C'),
('en_b001082', 'course_b040', '22530271', 'A'),
('en_b001083', 'course_b041', '22530271', 'B+'),
('en_b001084', 'course_b042', '22530271', 'B-'),
('en_b001085', 'course_b070', '22530272', 'C'),
('en_b001086', 'course_b071', '22530272', 'A'),
('en_b001087', 'course_b072', '22530272', 'B+'),
('en_b001088', 'course_b073', '22530272', 'B-'),
('en_b001089', 'course_b011', '22530273', 'B-'),
('en_b001090', 'course_b012', '22530273', 'C'),
('en_b001091', 'course_b013', '22530273', 'A'),
('en_b001092', 'course_b014', '22530273', 'B+'),
('en_b001093', 'course_b042', '22530274', 'B-'),
('en_b001094', 'course_b043', '22530274', 'C'),
('en_b001095', 'course_b044', '22530274', 'A'),
('en_b001096', 'course_b045', '22530274', 'B+'),
('en_b001097', 'course_b073', '22530275', 'B-'),
('en_b001098', 'course_b074', '22530275', 'C'),
('en_b001099', 'course_b075', '22530275', 'A'),
('en_b001100', 'course_b076', '22530275', 'B+');

INSERT INTO course_enrollments (id, course_id, student_id, grade)
VALUES
('en_b001101', 'course_b014', '22530276', 'B+'),
('en_b001102', 'course_b015', '22530276', 'B-'),
('en_b001103', 'course_b016', '22530276', 'C'),
('en_b001104', 'course_b017', '22530276', 'A'),
('en_b001105', 'course_b045', '22530277', 'B+'),
('en_b001106', 'course_b046', '22530277', 'B-'),
('en_b001107', 'course_b047', '22530277', 'C'),
('en_b001108', 'course_b048', '22530277', 'A'),
('en_b001109', 'course_b076', '22530278', 'B+'),
('en_b001110', 'course_b077', '22530278', 'B-'),
('en_b001111', 'course_b078', '22530278', 'C'),
('en_b001112', 'course_b079', '22530278', 'A'),
('en_b001113', 'course_b017', '22530279', 'A'),
('en_b001114', 'course_b018', '22530279', 'B+'),
('en_b001115', 'course_b019', '22530279', 'B-'),
('en_b001116', 'course_b020', '22530279', 'C'),
('en_b001117', 'course_b048', '22530280', 'A'),
('en_b001118', 'course_b049', '22530280', 'B+'),
('en_b001119', 'course_b050', '22530280', 'B-'),
('en_b001120', 'course_b051', '22530280', 'C'),
('en_b001121', 'course_b079', '22530281', 'A'),
('en_b001122', 'course_b080', '22530281', 'B+'),
('en_b001123', 'course_b081', '22530281', 'B-'),
('en_b001124', 'course_b082', '22530281', 'C'),
('en_b001125', 'course_b020', '22530282', 'C'),
('en_b001126', 'course_b021', '22530282', 'A'),
('en_b001127', 'course_b022', '22530282', 'B+'),
('en_b001128', 'course_b023', '22530282', 'B-'),
('en_b001129', 'course_b051', '22530283', 'C'),
('en_b001130', 'course_b052', '22530283', 'A'),
('en_b001131', 'course_b053', '22530283', 'B+'),
('en_b001132', 'course_b054', '22530283', 'B-'),
('en_b001133', 'course_b082', '22530284', 'C'),
('en_b001134', 'course_b083', '22530284', 'A'),
('en_b001135', 'course_b084', '22530284', 'B+'),
('en_b001136', 'course_b085', '22530284', 'B-'),
('en_b001137', 'course_b023', '22530285', 'B-'),
('en_b001138', 'course_b024', '22530285', 'C'),
('en_b001139', 'course_b025', '22530285', 'A'),
('en_b001140', 'course_b026', '22530285', 'B+'),
('en_b001141', 'course_b054', '22530286', 'B-'),
('en_b001142', 'course_b055', '22530286', 'C'),
('en_b001143', 'course_b056', '22530286', 'A'),
('en_b001144', 'course_b057', '22530286', 'B+'),
('en_b001145', 'course_b085', '22530287', 'B-'),
('en_b001146', 'course_b086', '22530287', 'C'),
('en_b001147', 'course_b087', '22530287', 'A'),
('en_b001148', 'course_b088', '22530287', 'B+'),
('en_b001149', 'course_b026', '22530288', 'B+'),
('en_b001150', 'course_b027', '22530288', 'B-'),
('en_b001151', 'course_b028', '22530288', 'C'),
('en_b001152', 'course_b029', '22530288', 'A'),
('en_b001153', 'course_b057', '22530289', 'B+'),
('en_b001154', 'course_b058', '22530289', 'B-'),
('en_b001155', 'course_b059', '22530289', 'C'),
('en_b001156', 'course_b060', '22530289', 'A'),
('en_b001157', 'course_b088', '22530290', 'B+'),
('en_b001158', 'course_b089', '22530290', 'B-'),
('en_b001159', 'course_b090', '22530290', 'C'),
('en_b001160', 'course_b001', '22530290', 'C'),
('en_b001161', 'course_b029', '22530291', 'A'),
('en_b001162', 'course_b030', '22530291', 'B+'),
('en_b001163', 'course_b031', '22530291', 'B-'),
('en_b001164', 'course_b032', '22530291', 'C'),
('en_b001165', 'course_b060', '22530292', 'A'),
('en_b001166', 'course_b061', '22530292', 'B+'),
('en_b001167', 'course_b062', '22530292', 'B-'),
('en_b001168', 'course_b063', '22530292', 'C'),
('en_b001169', 'course_b001', '22530293', 'C'),
('en_b001170', 'course_b002', '22530293', 'A'),
('en_b001171', 'course_b003', '22530293', 'B+'),
('en_b001172', 'course_b004', '22530293', 'B-'),
('en_b001173', 'course_b032', '22530294', 'C'),
('en_b001174', 'course_b033', '22530294', 'A'),
('en_b001175', 'course_b034', '22530294', 'B+'),
('en_b001176', 'course_b035', '22530294', 'B-'),
('en_b001177', 'course_b063', '22530295', 'C'),
('en_b001178', 'course_b064', '22530295', 'A'),
('en_b001179', 'course_b065', '22530295', 'B+'),
('en_b001180', 'course_b066', '22530295', 'B-'),
('en_b001181', 'course_b004', '22530296', 'B-'),
('en_b001182', 'course_b005', '22530296', 'C'),
('en_b001183', 'course_b006', '22530296', 'A'),
('en_b001184', 'course_b007', '22530296', 'B+'),
('en_b001185', 'course_b035', '22530297', 'B-'),
('en_b001186', 'course_b036', '22530297', 'C'),
('en_b001187', 'course_b037', '22530297', 'A'),
('en_b001188', 'course_b038', '22530297', 'B+'),
('en_b001189', 'course_b066', '22530298', 'B-'),
('en_b001190', 'course_b067', '22530298', 'C'),
('en_b001191', 'course_b068', '22530298', 'A'),
('en_b001192', 'course_b069', '22530298', 'B+'),
('en_b001193', 'course_b007', '22530299', 'B+'),
('en_b001194', 'course_b008', '22530299', 'B-'),
('en_b001195', 'course_b009', '22530299', 'C'),
('en_b001196', 'course_b010', '22530299', 'A'),
('en_b001197', 'course_b038', '22530300', 'B+'),
('en_b001198', 'course_b039', '22530300', 'B-'),
('en_b001199', 'course_b040', '22530300', 'C'),
('en_b001200', 'course_b041', '22530300', 'A');

INSERT INTO course_enrollments (id, course_id, student_id, grade)
VALUES
('en_b001201', 'course_b069', '22530301', 'B+'),
('en_b001202', 'course_b070', '22530301', 'B-'),
('en_b001203', 'course_b071', '22530301', 'C'),
('en_b001204', 'course_b072', '22530301', 'A'),
('en_b001205', 'course_b010', '22530302', 'A'),
('en_b001206', 'course_b011', '22530302', 'B+'),
('en_b001207', 'course_b012', '22530302', 'B-'),
('en_b001208', 'course_b013', '22530302', 'C'),
('en_b001209', 'course_b041', '22530303', 'A'),
('en_b001210', 'course_b042', '22530303', 'B+'),
('en_b001211', 'course_b043', '22530303', 'B-'),
('en_b001212', 'course_b044', '22530303', 'C'),
('en_b001213', 'course_b072', '22530304', 'A'),
('en_b001214', 'course_b073', '22530304', 'B+'),
('en_b001215', 'course_b074', '22530304', 'B-'),
('en_b001216', 'course_b075', '22530304', 'C'),
('en_b001217', 'course_b013', '22530305', 'C'),
('en_b001218', 'course_b014', '22530305', 'A'),
('en_b001219', 'course_b015', '22530305', 'B+'),
('en_b001220', 'course_b016', '22530305', 'B-'),
('en_b001221', 'course_b044', '22530306', 'C'),
('en_b001222', 'course_b045', '22530306', 'A'),
('en_b001223', 'course_b046', '22530306', 'B+'),
('en_b001224', 'course_b047', '22530306', 'B-'),
('en_b001225', 'course_b075', '22530307', 'C'),
('en_b001226', 'course_b076', '22530307', 'A'),
('en_b001227', 'course_b077', '22530307', 'B+'),
('en_b001228', 'course_b078', '22530307', 'B-'),
('en_b001229', 'course_b016', '22530308', 'B-'),
('en_b001230', 'course_b017', '22530308', 'C'),
('en_b001231', 'course_b018', '22530308', 'A'),
('en_b001232', 'course_b019', '22530308', 'B+'),
('en_b001233', 'course_b047', '22530309', 'B-'),
('en_b001234', 'course_b048', '22530309', 'C'),
('en_b001235', 'course_b049', '22530309', 'A'),
('en_b001236', 'course_b050', '22530309', 'B+'),
('en_b001237', 'course_b078', '22530310', 'B-'),
('en_b001238', 'course_b079', '22530310', 'C'),
('en_b001239', 'course_b080', '22530310', 'A'),
('en_b001240', 'course_b081', '22530310', 'B+'),
('en_b001241', 'course_b019', '22530311', 'B+'),
('en_b001242', 'course_b020', '22530311', 'B-'),
('en_b001243', 'course_b021', '22530311', 'C'),
('en_b001244', 'course_b022', '22530311', 'A'),
('en_b001245', 'course_b050', '22530312', 'B+'),
('en_b001246', 'course_b051', '22530312', 'B-'),
('en_b001247', 'course_b052', '22530312', 'C'),
('en_b001248', 'course_b053', '22530312', 'A'),
('en_b001249', 'course_b081', '22530313', 'B+'),
('en_b001250', 'course_b082', '22530313', 'B-'),
('en_b001251', 'course_b083', '22530313', 'C'),
('en_b001252', 'course_b084', '22530313', 'A'),
('en_b001253', 'course_b022', '22530314', 'A'),
('en_b001254', 'course_b023', '22530314', 'B+'),
('en_b001255', 'course_b024', '22530314', 'B-'),
('en_b001256', 'course_b025', '22530314', 'C'),
('en_b001257', 'course_b053', '22530315', 'A'),
('en_b001258', 'course_b054', '22530315', 'B+'),
('en_b001259', 'course_b055', '22530315', 'B-'),
('en_b001260', 'course_b056', '22530315', 'C'),
('en_b001261', 'course_b084', '22530316', 'A'),
('en_b001262', 'course_b085', '22530316', 'B+'),
('en_b001263', 'course_b086', '22530316', 'B-'),
('en_b001264', 'course_b087', '22530316', 'C'),
('en_b001265', 'course_b025', '22530317', 'C'),
('en_b001266', 'course_b026', '22530317', 'A'),
('en_b001267', 'course_b027', '22530317', 'B+'),
('en_b001268', 'course_b028', '22530317', 'B-'),
('en_b001269', 'course_b056', '22530318', 'C'),
('en_b001270', 'course_b057', '22530318', 'A'),
('en_b001271', 'course_b058', '22530318', 'B+'),
('en_b001272', 'course_b059', '22530318', 'B-'),
('en_b001273', 'course_b087', '22530319', 'C'),
('en_b001274', 'course_b088', '22530319', 'A'),
('en_b001275', 'course_b089', '22530319', 'B+'),
('en_b001276', 'course_b090', '22530319', 'B-'),
('en_b001277', 'course_b028', '22530320', 'B-'),
('en_b001278', 'course_b029', '22530320', 'C'),
('en_b001279', 'course_b030', '22530320', 'A'),
('en_b001280', 'course_b031', '22530320', 'B+'),
('en_b001281', 'course_b059', '22530321', 'B-'),
('en_b001282', 'course_b060', '22530321', 'C'),
('en_b001283', 'course_b061', '22530321', 'A'),
('en_b001284', 'course_b062', '22530321', 'B+'),
('en_b001285', 'course_b090', '22530322', 'B-'),
('en_b001286', 'course_b001', '22530322', 'B-'),
('en_b001287', 'course_b002', '22530322', 'C'),
('en_b001288', 'course_b003', '22530322', 'A'),
('en_b001289', 'course_b031', '22530323', 'B+'),
('en_b001290', 'course_b032', '22530323', 'B-'),
('en_b001291', 'course_b033', '22530323', 'C'),
('en_b001292', 'course_b034', '22530323', 'A'),
('en_b001293', 'course_b062', '22530324', 'B+'),
('en_b001294', 'course_b063', '22530324', 'B-'),
('en_b001295', 'course_b064', '22530324', 'C'),
('en_b001296', 'course_b065', '22530324', 'A'),
('en_b001297', 'course_b003', '22530325', 'A'),
('en_b001298', 'course_b004', '22530325', 'B+'),
('en_b001299', 'course_b005', '22530325', 'B-'),
('en_b001300', 'course_b006', '22530325', 'C');

INSERT INTO course_enrollments (id, course_id, student_id, grade)
VALUES
('en_b001301', 'course_b034', '22530326', 'A'),
('en_b001302', 'course_b035', '22530326', 'B+'),
('en_b001303', 'course_b036', '22530326', 'B-'),
('en_b001304', 'course_b037', '22530326', 'C'),
('en_b001305', 'course_b065', '22530327', 'A'),
('en_b001306', 'course_b066', '22530327', 'B+'),
('en_b001307', 'course_b067', '22530327', 'B-'),
('en_b001308', 'course_b068', '22530327', 'C'),
('en_b001309', 'course_b006', '22530328', 'C'),
('en_b001310', 'course_b007', '22530328', 'A'),
('en_b001311', 'course_b008', '22530328', 'B+'),
('en_b001312', 'course_b009', '22530328', 'B-'),
('en_b001313', 'course_b037', '22530329', 'C'),
('en_b001314', 'course_b038', '22530329', 'A'),
('en_b001315', 'course_b039', '22530329', 'B+'),
('en_b001316', 'course_b040', '22530329', 'B-'),
('en_b001317', 'course_b068', '22530330', 'C'),
('en_b001318', 'course_b069', '22530330', 'A'),
('en_b001319', 'course_b070', '22530330', 'B+'),
('en_b001320', 'course_b071', '22530330', 'B-'),
('en_b001321', 'course_b009', '22530331', 'B-'),
('en_b001322', 'course_b010', '22530331', 'C'),
('en_b001323', 'course_b011', '22530331', 'A'),
('en_b001324', 'course_b012', '22530331', 'B+'),
('en_b001325', 'course_b040', '22530332', 'B-'),
('en_b001326', 'course_b041', '22530332', 'C'),
('en_b001327', 'course_b042', '22530332', 'A'),
('en_b001328', 'course_b043', '22530332', 'B+'),
('en_b001329', 'course_b071', '22530333', 'B-'),
('en_b001330', 'course_b072', '22530333', 'C'),
('en_b001331', 'course_b073', '22530333', 'A'),
('en_b001332', 'course_b074', '22530333', 'B+'),
('en_b001333', 'course_b012', '22530334', 'B+'),
('en_b001334', 'course_b013', '22530334', 'B-'),
('en_b001335', 'course_b014', '22530334', 'C'),
('en_b001336', 'course_b015', '22530334', 'A'),
('en_b001337', 'course_b043', '22530335', 'B+'),
('en_b001338', 'course_b044', '22530335', 'B-'),
('en_b001339', 'course_b045', '22530335', 'C'),
('en_b001340', 'course_b046', '22530335', 'A'),
('en_b001341', 'course_b074', '22530336', 'B+'),
('en_b001342', 'course_b075', '22530336', 'B-'),
('en_b001343', 'course_b076', '22530336', 'C'),
('en_b001344', 'course_b077', '22530336', 'A'),
('en_b001345', 'course_b015', '22530337', 'A'),
('en_b001346', 'course_b016', '22530337', 'B+'),
('en_b001347', 'course_b017', '22530337', 'B-'),
('en_b001348', 'course_b018', '22530337', 'C'),
('en_b001349', 'course_b046', '22530338', 'A'),
('en_b001350', 'course_b047', '22530338', 'B+'),
('en_b001351', 'course_b048', '22530338', 'B-'),
('en_b001352', 'course_b049', '22530338', 'C'),
('en_b001353', 'course_b077', '22530339', 'A'),
('en_b001354', 'course_b078', '22530339', 'B+'),
('en_b001355', 'course_b079', '22530339', 'B-'),
('en_b001356', 'course_b080', '22530339', 'C'),
('en_b001357', 'course_b018', '22530340', 'C'),
('en_b001358', 'course_b019', '22530340', 'A'),
('en_b001359', 'course_b020', '22530340', 'B+'),
('en_b001360', 'course_b021', '22530340', 'B-'),
('en_b001361', 'course_b049', '22530341', 'C'),
('en_b001362', 'course_b050', '22530341', 'A'),
('en_b001363', 'course_b051', '22530341', 'B+'),
('en_b001364', 'course_b052', '22530341', 'B-'),
('en_b001365', 'course_b080', '22530342', 'C'),
('en_b001366', 'course_b081', '22530342', 'A'),
('en_b001367', 'course_b082', '22530342', 'B+'),
('en_b001368', 'course_b083', '22530342', 'B-'),
('en_b001369', 'course_b021', '22530343', 'B-'),
('en_b001370', 'course_b022', '22530343', 'C'),
('en_b001371', 'course_b023', '22530343', 'A'),
('en_b001372', 'course_b024', '22530343', 'B+'),
('en_b001373', 'course_b052', '22530344', 'B-'),
('en_b001374', 'course_b053', '22530344', 'C'),
('en_b001375', 'course_b054', '22530344', 'A'),
('en_b001376', 'course_b055', '22530344', 'B+'),
('en_b001377', 'course_b083', '22530345', 'B-'),
('en_b001378', 'course_b084', '22530345', 'C'),
('en_b001379', 'course_b085', '22530345', 'A'),
('en_b001380', 'course_b086', '22530345', 'B+'),
('en_b001381', 'course_b024', '22530346', 'B+'),
('en_b001382', 'course_b025', '22530346', 'B-'),
('en_b001383', 'course_b026', '22530346', 'C'),
('en_b001384', 'course_b027', '22530346', 'A'),
('en_b001385', 'course_b055', '22530347', 'B+'),
('en_b001386', 'course_b056', '22530347', 'B-'),
('en_b001387', 'course_b057', '22530347', 'C'),
('en_b001388', 'course_b058', '22530347', 'A'),
('en_b001389', 'course_b086', '22530348', 'B+'),
('en_b001390', 'course_b087', '22530348', 'B-'),
('en_b001391', 'course_b088', '22530348', 'C'),
('en_b001392', 'course_b089', '22530348', 'A'),
('en_b001393', 'course_b027', '22530349', 'A'),
('en_b001394', 'course_b028', '22530349', 'B+'),
('en_b001395', 'course_b029', '22530349', 'B-'),
('en_b001396', 'course_b030', '22530349', 'C'),
('en_b001397', 'course_b058', '22530350', 'A'),
('en_b001398', 'course_b059', '22530350', 'B+'),
('en_b001399', 'course_b060', '22530350', 'B-'),
('en_b001400', 'course_b061', '22530350', 'C');

INSERT INTO course_enrollments (id, course_id, student_id, grade)
VALUES
('en_b001401', 'course_b089', '22530351', 'A'),
('en_b001402', 'course_b090', '22530351', 'B+'),
('en_b001403', 'course_b001', '22530351', 'B+'),
('en_b001404', 'course_b002', '22530351', 'B-'),
('en_b001405', 'course_b030', '22530352', 'C'),
('en_b001406', 'course_b031', '22530352', 'A'),
('en_b001407', 'course_b032', '22530352', 'B+'),
('en_b001408', 'course_b033', '22530352', 'B-'),
('en_b001409', 'course_b061', '22530353', 'C'),
('en_b001410', 'course_b062', '22530353', 'A'),
('en_b001411', 'course_b063', '22530353', 'B+'),
('en_b001412', 'course_b064', '22530353', 'B-'),
('en_b001413', 'course_b002', '22530354', 'B-'),
('en_b001414', 'course_b003', '22530354', 'C'),
('en_b001415', 'course_b004', '22530354', 'A'),
('en_b001416', 'course_b005', '22530354', 'B+'),
('en_b001417', 'course_b033', '22530355', 'B-'),
('en_b001418', 'course_b034', '22530355', 'C'),
('en_b001419', 'course_b035', '22530355', 'A'),
('en_b001420', 'course_b036', '22530355', 'B+'),
('en_b001421', 'course_b064', '22530356', 'B-'),
('en_b001422', 'course_b065', '22530356', 'C'),
('en_b001423', 'course_b066', '22530356', 'A'),
('en_b001424', 'course_b067', '22530356', 'B+'),
('en_b001425', 'course_b005', '22530357', 'B+'),
('en_b001426', 'course_b006', '22530357', 'B-'),
('en_b001427', 'course_b007', '22530357', 'C'),
('en_b001428', 'course_b008', '22530357', 'A'),
('en_b001429', 'course_b036', '22530358', 'B+'),
('en_b001430', 'course_b037', '22530358', 'B-'),
('en_b001431', 'course_b038', '22530358', 'C'),
('en_b001432', 'course_b039', '22530358', 'A'),
('en_b001433', 'course_b067', '22530359', 'B+'),
('en_b001434', 'course_b068', '22530359', 'B-'),
('en_b001435', 'course_b069', '22530359', 'C'),
('en_b001436', 'course_b070', '22530359', 'A'),
('en_b001437', 'course_b008', '22530360', 'A'),
('en_b001438', 'course_b009', '22530360', 'B+'),
('en_b001439', 'course_b010', '22530360', 'B-'),
('en_b001440', 'course_b011', '22530360', 'C'),
('en_b001441', 'course_b039', '22530361', 'A'),
('en_b001442', 'course_b040', '22530361', 'B+'),
('en_b001443', 'course_b041', '22530361', 'B-'),
('en_b001444', 'course_b042', '22530361', 'C'),
('en_b001445', 'course_b070', '22530362', 'A'),
('en_b001446', 'course_b071', '22530362', 'B+'),
('en_b001447', 'course_b072', '22530362', 'B-'),
('en_b001448', 'course_b073', '22530362', 'C'),
('en_b001449', 'course_b011', '22530363', 'C'),
('en_b001450', 'course_b012', '22530363', 'A'),
('en_b001451', 'course_b013', '22530363', 'B+'),
('en_b001452', 'course_b014', '22530363', 'B-'),
('en_b001453', 'course_b042', '22530364', 'C'),
('en_b001454', 'course_b043', '22530364', 'A'),
('en_b001455', 'course_b044', '22530364', 'B+'),
('en_b001456', 'course_b045', '22530364', 'B-'),
('en_b001457', 'course_b073', '22530365', 'C'),
('en_b001458', 'course_b074', '22530365', 'A'),
('en_b001459', 'course_b075', '22530365', 'B+'),
('en_b001460', 'course_b076', '22530365', 'B-'),
('en_b001461', 'course_b014', '22530366', 'B-'),
('en_b001462', 'course_b015', '22530366', 'C'),
('en_b001463', 'course_b016', '22530366', 'A'),
('en_b001464', 'course_b017', '22530366', 'B+'),
('en_b001465', 'course_b045', '22530367', 'B-'),
('en_b001466', 'course_b046', '22530367', 'C'),
('en_b001467', 'course_b047', '22530367', 'A'),
('en_b001468', 'course_b048', '22530367', 'B+'),
('en_b001469', 'course_b076', '22530368', 'B-'),
('en_b001470', 'course_b077', '22530368', 'C'),
('en_b001471', 'course_b078', '22530368', 'A'),
('en_b001472', 'course_b079', '22530368', 'B+'),
('en_b001473', 'course_b017', '22530369', 'B+'),
('en_b001474', 'course_b018', '22530369', 'B-'),
('en_b001475', 'course_b019', '22530369', 'C'),
('en_b001476', 'course_b020', '22530369', 'A'),
('en_b001477', 'course_b048', '22530370', 'B+'),
('en_b001478', 'course_b049', '22530370', 'B-'),
('en_b001479', 'course_b050', '22530370', 'C'),
('en_b001480', 'course_b051', '22530370', 'A'),
('en_b001481', 'course_b079', '22530371', 'B+'),
('en_b001482', 'course_b080', '22530371', 'B-'),
('en_b001483', 'course_b081', '22530371', 'C'),
('en_b001484', 'course_b082', '22530371', 'A'),
('en_b001485', 'course_b020', '22530372', 'A'),
('en_b001486', 'course_b021', '22530372', 'B+'),
('en_b001487', 'course_b022', '22530372', 'B-'),
('en_b001488', 'course_b023', '22530372', 'C'),
('en_b001489', 'course_b051', '22530373', 'A'),
('en_b001490', 'course_b052', '22530373', 'B+'),
('en_b001491', 'course_b053', '22530373', 'B-'),
('en_b001492', 'course_b054', '22530373', 'C'),
('en_b001493', 'course_b082', '22530374', 'A'),
('en_b001494', 'course_b083', '22530374', 'B+'),
('en_b001495', 'course_b084', '22530374', 'B-'),
('en_b001496', 'course_b085', '22530374', 'C'),
('en_b001497', 'course_b023', '22530375', 'C'),
('en_b001498', 'course_b024', '22530375', 'A'),
('en_b001499', 'course_b025', '22530375', 'B+'),
('en_b001500', 'course_b026', '22530375', 'B-');

INSERT INTO course_enrollments (id, course_id, student_id, grade)
VALUES
('en_b001501', 'course_b054', '22530376', 'C'),
('en_b001502', 'course_b055', '22530376', 'A'),
('en_b001503', 'course_b056', '22530376', 'B+'),
('en_b001504', 'course_b057', '22530376', 'B-'),
('en_b001505', 'course_b085', '22530377', 'C'),
('en_b001506', 'course_b086', '22530377', 'A'),
('en_b001507', 'course_b087', '22530377', 'B+'),
('en_b001508', 'course_b088', '22530377', 'B-'),
('en_b001509', 'course_b026', '22530378', 'B-'),
('en_b001510', 'course_b027', '22530378', 'C'),
('en_b001511', 'course_b028', '22530378', 'A'),
('en_b001512', 'course_b029', '22530378', 'B+'),
('en_b001513', 'course_b057', '22530379', 'B-'),
('en_b001514', 'course_b058', '22530379', 'C'),
('en_b001515', 'course_b059', '22530379', 'A'),
('en_b001516', 'course_b060', '22530379', 'B+'),
('en_b001517', 'course_b088', '22530380', 'B-'),
('en_b001518', 'course_b089', '22530380', 'C'),
('en_b001519', 'course_b090', '22530380', 'A'),
('en_b001520', 'course_b001', '22530380', 'A'),
('en_b001521', 'course_b029', '22530381', 'B+'),
('en_b001522', 'course_b030', '22530381', 'B-'),
('en_b001523', 'course_b031', '22530381', 'C'),
('en_b001524', 'course_b032', '22530381', 'A'),
('en_b001525', 'course_b060', '22530382', 'B+'),
('en_b001526', 'course_b061', '22530382', 'B-'),
('en_b001527', 'course_b062', '22530382', 'C'),
('en_b001528', 'course_b063', '22530382', 'A'),
('en_b001529', 'course_b001', '22530383', 'A'),
('en_b001530', 'course_b002', '22530383', 'B+'),
('en_b001531', 'course_b003', '22530383', 'B-'),
('en_b001532', 'course_b004', '22530383', 'C'),
('en_b001533', 'course_b032', '22530384', 'A'),
('en_b001534', 'course_b033', '22530384', 'B+'),
('en_b001535', 'course_b034', '22530384', 'B-'),
('en_b001536', 'course_b035', '22530384', 'C'),
('en_b001537', 'course_b063', '22530385', 'A'),
('en_b001538', 'course_b064', '22530385', 'B+'),
('en_b001539', 'course_b065', '22530385', 'B-'),
('en_b001540', 'course_b066', '22530385', 'C'),
('en_b001541', 'course_b004', '22530386', 'C'),
('en_b001542', 'course_b005', '22530386', 'A'),
('en_b001543', 'course_b006', '22530386', 'B+'),
('en_b001544', 'course_b007', '22530386', 'B-'),
('en_b001545', 'course_b035', '22530387', 'C'),
('en_b001546', 'course_b036', '22530387', 'A'),
('en_b001547', 'course_b037', '22530387', 'B+'),
('en_b001548', 'course_b038', '22530387', 'B-'),
('en_b001549', 'course_b066', '22530388', 'C'),
('en_b001550', 'course_b067', '22530388', 'A'),
('en_b001551', 'course_b068', '22530388', 'B+'),
('en_b001552', 'course_b069', '22530388', 'B-'),
('en_b001553', 'course_b007', '22530389', 'B-'),
('en_b001554', 'course_b008', '22530389', 'C'),
('en_b001555', 'course_b009', '22530389', 'A'),
('en_b001556', 'course_b010', '22530389', 'B+'),
('en_b001557', 'course_b038', '22530390', 'B-'),
('en_b001558', 'course_b039', '22530390', 'C'),
('en_b001559', 'course_b040', '22530390', 'A'),
('en_b001560', 'course_b041', '22530390', 'B+'),
('en_b001561', 'course_b069', '22530391', 'B-'),
('en_b001562', 'course_b070', '22530391', 'C'),
('en_b001563', 'course_b071', '22530391', 'A'),
('en_b001564', 'course_b072', '22530391', 'B+'),
('en_b001565', 'course_b010', '22530392', 'B+'),
('en_b001566', 'course_b011', '22530392', 'B-'),
('en_b001567', 'course_b012', '22530392', 'C'),
('en_b001568', 'course_b013', '22530392', 'A'),
('en_b001569', 'course_b041', '22530393', 'B+'),
('en_b001570', 'course_b042', '22530393', 'B-'),
('en_b001571', 'course_b043', '22530393', 'C'),
('en_b001572', 'course_b044', '22530393', 'A'),
('en_b001573', 'course_b072', '22530394', 'B+'),
('en_b001574', 'course_b073', '22530394', 'B-'),
('en_b001575', 'course_b074', '22530394', 'C'),
('en_b001576', 'course_b075', '22530394', 'A'),
('en_b001577', 'course_b013', '22530395', 'A'),
('en_b001578', 'course_b014', '22530395', 'B+'),
('en_b001579', 'course_b015', '22530395', 'B-'),
('en_b001580', 'course_b016', '22530395', 'C'),
('en_b001581', 'course_b044', '22530396', 'A'),
('en_b001582', 'course_b045', '22530396', 'B+'),
('en_b001583', 'course_b046', '22530396', 'B-'),
('en_b001584', 'course_b047', '22530396', 'C'),
('en_b001585', 'course_b075', '22530397', 'A'),
('en_b001586', 'course_b076', '22530397', 'B+'),
('en_b001587', 'course_b077', '22530397', 'B-'),
('en_b001588', 'course_b078', '22530397', 'C'),
('en_b001589', 'course_b016', '22530398', 'C'),
('en_b001590', 'course_b017', '22530398', 'A'),
('en_b001591', 'course_b018', '22530398', 'B+'),
('en_b001592', 'course_b019', '22530398', 'B-'),
('en_b001593', 'course_b047', '22530399', 'C'),
('en_b001594', 'course_b048', '22530399', 'A'),
('en_b001595', 'course_b049', '22530399', 'B+'),
('en_b001596', 'course_b050', '22530399', 'B-'),
('en_b001597', 'course_b078', '22530400', 'C'),
('en_b001598', 'course_b079', '22530400', 'A'),
('en_b001599', 'course_b080', '22530400', 'B+'),
('en_b001600', 'course_b081', '22530400', 'B-');

INSERT INTO course_enrollments (id, course_id, student_id, grade)
VALUES
('en_b001601', 'course_b019', '22530401', 'B-'),
('en_b001602', 'course_b020', '22530401', 'C'),
('en_b001603', 'course_b021', '22530401', 'A'),
('en_b001604', 'course_b022', '22530401', 'B+'),
('en_b001605', 'course_b050', '22530402', 'B-'),
('en_b001606', 'course_b051', '22530402', 'C'),
('en_b001607', 'course_b052', '22530402', 'A'),
('en_b001608', 'course_b053', '22530402', 'B+'),
('en_b001609', 'course_b081', '22530403', 'B-'),
('en_b001610', 'course_b082', '22530403', 'C'),
('en_b001611', 'course_b083', '22530403', 'A'),
('en_b001612', 'course_b084', '22530403', 'B+'),
('en_b001613', 'course_b022', '22530404', 'B+'),
('en_b001614', 'course_b023', '22530404', 'B-'),
('en_b001615', 'course_b024', '22530404', 'C'),
('en_b001616', 'course_b025', '22530404', 'A'),
('en_b001617', 'course_b053', '22530405', 'B+'),
('en_b001618', 'course_b054', '22530405', 'B-'),
('en_b001619', 'course_b055', '22530405', 'C'),
('en_b001620', 'course_b056', '22530405', 'A'),
('en_b001621', 'course_b084', '22530406', 'B+'),
('en_b001622', 'course_b085', '22530406', 'B-'),
('en_b001623', 'course_b086', '22530406', 'C'),
('en_b001624', 'course_b087', '22530406', 'A'),
('en_b001625', 'course_b025', '22530407', 'A'),
('en_b001626', 'course_b026', '22530407', 'B+'),
('en_b001627', 'course_b027', '22530407', 'B-'),
('en_b001628', 'course_b028', '22530407', 'C'),
('en_b001629', 'course_b056', '22530408', 'A'),
('en_b001630', 'course_b057', '22530408', 'B+'),
('en_b001631', 'course_b058', '22530408', 'B-'),
('en_b001632', 'course_b059', '22530408', 'C'),
('en_b001633', 'course_b087', '22530409', 'A'),
('en_b001634', 'course_b088', '22530409', 'B+'),
('en_b001635', 'course_b089', '22530409', 'B-'),
('en_b001636', 'course_b090', '22530409', 'C'),
('en_b001637', 'course_b028', '22530410', 'C'),
('en_b001638', 'course_b029', '22530410', 'A'),
('en_b001639', 'course_b030', '22530410', 'B+'),
('en_b001640', 'course_b031', '22530410', 'B-'),
('en_b001641', 'course_b059', '22530411', 'C'),
('en_b001642', 'course_b060', '22530411', 'A'),
('en_b001643', 'course_b061', '22530411', 'B+'),
('en_b001644', 'course_b062', '22530411', 'B-'),
('en_b001645', 'course_b090', '22530412', 'C'),
('en_b001646', 'course_b001', '22530412', 'C'),
('en_b001647', 'course_b002', '22530412', 'A'),
('en_b001648', 'course_b003', '22530412', 'B+'),
('en_b001649', 'course_b031', '22530413', 'B-'),
('en_b001650', 'course_b032', '22530413', 'C'),
('en_b001651', 'course_b033', '22530413', 'A'),
('en_b001652', 'course_b034', '22530413', 'B+'),
('en_b001653', 'course_b062', '22530414', 'B-'),
('en_b001654', 'course_b063', '22530414', 'C'),
('en_b001655', 'course_b064', '22530414', 'A'),
('en_b001656', 'course_b065', '22530414', 'B+'),
('en_b001657', 'course_b003', '22530415', 'B+'),
('en_b001658', 'course_b004', '22530415', 'B-'),
('en_b001659', 'course_b005', '22530415', 'C'),
('en_b001660', 'course_b006', '22530415', 'A'),
('en_b001661', 'course_b034', '22530416', 'B+'),
('en_b001662', 'course_b035', '22530416', 'B-'),
('en_b001663', 'course_b036', '22530416', 'C'),
('en_b001664', 'course_b037', '22530416', 'A'),
('en_b001665', 'course_b065', '22530417', 'B+'),
('en_b001666', 'course_b066', '22530417', 'B-'),
('en_b001667', 'course_b067', '22530417', 'C'),
('en_b001668', 'course_b068', '22530417', 'A'),
('en_b001669', 'course_b006', '22530418', 'A'),
('en_b001670', 'course_b007', '22530418', 'B+'),
('en_b001671', 'course_b008', '22530418', 'B-'),
('en_b001672', 'course_b009', '22530418', 'C'),
('en_b001673', 'course_b037', '22530419', 'A'),
('en_b001674', 'course_b038', '22530419', 'B+'),
('en_b001675', 'course_b039', '22530419', 'B-'),
('en_b001676', 'course_b040', '22530419', 'C'),
('en_b001677', 'course_b068', '22530420', 'A'),
('en_b001678', 'course_b069', '22530420', 'B+'),
('en_b001679', 'course_b070', '22530420', 'B-'),
('en_b001680', 'course_b071', '22530420', 'C'),
('en_b001681', 'course_b009', '22530421', 'C'),
('en_b001682', 'course_b010', '22530421', 'A'),
('en_b001683', 'course_b011', '22530421', 'B+'),
('en_b001684', 'course_b012', '22530421', 'B-'),
('en_b001685', 'course_b040', '22530422', 'C'),
('en_b001686', 'course_b041', '22530422', 'A'),
('en_b001687', 'course_b042', '22530422', 'B+'),
('en_b001688', 'course_b043', '22530422', 'B-'),
('en_b001689', 'course_b071', '22530423', 'C'),
('en_b001690', 'course_b072', '22530423', 'A'),
('en_b001691', 'course_b073', '22530423', 'B+'),
('en_b001692', 'course_b074', '22530423', 'B-'),
('en_b001693', 'course_b012', '22530424', 'B-'),
('en_b001694', 'course_b013', '22530424', 'C'),
('en_b001695', 'course_b014', '22530424', 'A'),
('en_b001696', 'course_b015', '22530424', 'B+'),
('en_b001697', 'course_b043', '22530425', 'B-'),
('en_b001698', 'course_b044', '22530425', 'C'),
('en_b001699', 'course_b045', '22530425', 'A'),
('en_b001700', 'course_b046', '22530425', 'B+');

INSERT INTO course_enrollments (id, course_id, student_id, grade)
VALUES
('en_b001701', 'course_b074', '22530426', 'B-'),
('en_b001702', 'course_b075', '22530426', 'C'),
('en_b001703', 'course_b076', '22530426', 'A'),
('en_b001704', 'course_b077', '22530426', 'B+'),
('en_b001705', 'course_b015', '22530427', 'B+'),
('en_b001706', 'course_b016', '22530427', 'B-'),
('en_b001707', 'course_b017', '22530427', 'C'),
('en_b001708', 'course_b018', '22530427', 'A'),
('en_b001709', 'course_b046', '22530428', 'B+'),
('en_b001710', 'course_b047', '22530428', 'B-'),
('en_b001711', 'course_b048', '22530428', 'C'),
('en_b001712', 'course_b049', '22530428', 'A'),
('en_b001713', 'course_b077', '22530429', 'B+'),
('en_b001714', 'course_b078', '22530429', 'B-'),
('en_b001715', 'course_b079', '22530429', 'C'),
('en_b001716', 'course_b080', '22530429', 'A'),
('en_b001717', 'course_b018', '22530430', 'A'),
('en_b001718', 'course_b019', '22530430', 'B+'),
('en_b001719', 'course_b020', '22530430', 'B-'),
('en_b001720', 'course_b021', '22530430', 'C'),
('en_b001721', 'course_b049', '22530431', 'A'),
('en_b001722', 'course_b050', '22530431', 'B+'),
('en_b001723', 'course_b051', '22530431', 'B-'),
('en_b001724', 'course_b052', '22530431', 'C'),
('en_b001725', 'course_b080', '22530432', 'A'),
('en_b001726', 'course_b081', '22530432', 'B+'),
('en_b001727', 'course_b082', '22530432', 'B-'),
('en_b001728', 'course_b083', '22530432', 'C'),
('en_b001729', 'course_b021', '22530433', 'C'),
('en_b001730', 'course_b022', '22530433', 'A'),
('en_b001731', 'course_b023', '22530433', 'B+'),
('en_b001732', 'course_b024', '22530433', 'B-'),
('en_b001733', 'course_b052', '22530434', 'C'),
('en_b001734', 'course_b053', '22530434', 'A'),
('en_b001735', 'course_b054', '22530434', 'B+'),
('en_b001736', 'course_b055', '22530434', 'B-'),
('en_b001737', 'course_b083', '22530435', 'C'),
('en_b001738', 'course_b084', '22530435', 'A'),
('en_b001739', 'course_b085', '22530435', 'B+'),
('en_b001740', 'course_b086', '22530435', 'B-'),
('en_b001741', 'course_b024', '22530436', 'B-'),
('en_b001742', 'course_b025', '22530436', 'C'),
('en_b001743', 'course_b026', '22530436', 'A'),
('en_b001744', 'course_b027', '22530436', 'B+'),
('en_b001745', 'course_b055', '22530437', 'B-'),
('en_b001746', 'course_b056', '22530437', 'C'),
('en_b001747', 'course_b057', '22530437', 'A'),
('en_b001748', 'course_b058', '22530437', 'B+'),
('en_b001749', 'course_b086', '22530438', 'B-'),
('en_b001750', 'course_b087', '22530438', 'C'),
('en_b001751', 'course_b088', '22530438', 'A'),
('en_b001752', 'course_b089', '22530438', 'B+'),
('en_b001753', 'course_b027', '22530439', 'B+'),
('en_b001754', 'course_b028', '22530439', 'B-'),
('en_b001755', 'course_b029', '22530439', 'C'),
('en_b001756', 'course_b030', '22530439', 'A'),
('en_b001757', 'course_b058', '22530440', 'B+'),
('en_b001758', 'course_b059', '22530440', 'B-'),
('en_b001759', 'course_b060', '22530440', 'C'),
('en_b001760', 'course_b061', '22530440', 'A'),
('en_b001761', 'course_b089', '22530441', 'B+'),
('en_b001762', 'course_b090', '22530441', 'B-'),
('en_b001763', 'course_b001', '22530441', 'B-'),
('en_b001764', 'course_b002', '22530441', 'C'),
('en_b001765', 'course_b030', '22530442', 'A'),
('en_b001766', 'course_b031', '22530442', 'B+'),
('en_b001767', 'course_b032', '22530442', 'B-'),
('en_b001768', 'course_b033', '22530442', 'C'),
('en_b001769', 'course_b061', '22530443', 'A'),
('en_b001770', 'course_b062', '22530443', 'B+'),
('en_b001771', 'course_b063', '22530443', 'B-'),
('en_b001772', 'course_b064', '22530443', 'C'),
('en_b001773', 'course_b002', '22530444', 'C'),
('en_b001774', 'course_b003', '22530444', 'A'),
('en_b001775', 'course_b004', '22530444', 'B+'),
('en_b001776', 'course_b005', '22530444', 'B-'),
('en_b001777', 'course_b033', '22530445', 'C'),
('en_b001778', 'course_b034', '22530445', 'A'),
('en_b001779', 'course_b035', '22530445', 'B+'),
('en_b001780', 'course_b036', '22530445', 'B-'),
('en_b001781', 'course_b064', '22530446', 'C'),
('en_b001782', 'course_b065', '22530446', 'A'),
('en_b001783', 'course_b066', '22530446', 'B+'),
('en_b001784', 'course_b067', '22530446', 'B-'),
('en_b001785', 'course_b005', '22530447', 'B-'),
('en_b001786', 'course_b006', '22530447', 'C'),
('en_b001787', 'course_b007', '22530447', 'A'),
('en_b001788', 'course_b008', '22530447', 'B+'),
('en_b001789', 'course_b036', '22530448', 'B-'),
('en_b001790', 'course_b037', '22530448', 'C'),
('en_b001791', 'course_b038', '22530448', 'A'),
('en_b001792', 'course_b039', '22530448', 'B+'),
('en_b001793', 'course_b067', '22530449', 'B-'),
('en_b001794', 'course_b068', '22530449', 'C'),
('en_b001795', 'course_b069', '22530449', 'A'),
('en_b001796', 'course_b070', '22530449', 'B+'),
('en_b001797', 'course_b008', '22530450', 'B+'),
('en_b001798', 'course_b009', '22530450', 'B-'),
('en_b001799', 'course_b010', '22530450', 'C'),
('en_b001800', 'course_b011', '22530450', 'A');

INSERT INTO course_enrollments (id, course_id, student_id, grade)
VALUES
('en_b001801', 'course_b039', '22530451', 'B+'),
('en_b001802', 'course_b040', '22530451', 'B-'),
('en_b001803', 'course_b041', '22530451', 'C'),
('en_b001804', 'course_b042', '22530451', 'A'),
('en_b001805', 'course_b070', '22530452', 'B+'),
('en_b001806', 'course_b071', '22530452', 'B-'),
('en_b001807', 'course_b072', '22530452', 'C'),
('en_b001808', 'course_b073', '22530452', 'A'),
('en_b001809', 'course_b011', '22530453', 'A'),
('en_b001810', 'course_b012', '22530453', 'B+'),
('en_b001811', 'course_b013', '22530453', 'B-'),
('en_b001812', 'course_b014', '22530453', 'C'),
('en_b001813', 'course_b042', '22530454', 'A'),
('en_b001814', 'course_b043', '22530454', 'B+'),
('en_b001815', 'course_b044', '22530454', 'B-'),
('en_b001816', 'course_b045', '22530454', 'C'),
('en_b001817', 'course_b073', '22530455', 'A'),
('en_b001818', 'course_b074', '22530455', 'B+'),
('en_b001819', 'course_b075', '22530455', 'B-'),
('en_b001820', 'course_b076', '22530455', 'C'),
('en_b001821', 'course_b014', '22530456', 'C'),
('en_b001822', 'course_b015', '22530456', 'A'),
('en_b001823', 'course_b016', '22530456', 'B+'),
('en_b001824', 'course_b017', '22530456', 'B-'),
('en_b001825', 'course_b045', '22530457', 'C'),
('en_b001826', 'course_b046', '22530457', 'A'),
('en_b001827', 'course_b047', '22530457', 'B+'),
('en_b001828', 'course_b048', '22530457', 'B-'),
('en_b001829', 'course_b076', '22530458', 'C'),
('en_b001830', 'course_b077', '22530458', 'A'),
('en_b001831', 'course_b078', '22530458', 'B+'),
('en_b001832', 'course_b079', '22530458', 'B-'),
('en_b001833', 'course_b017', '22530459', 'B-'),
('en_b001834', 'course_b018', '22530459', 'C'),
('en_b001835', 'course_b019', '22530459', 'A'),
('en_b001836', 'course_b020', '22530459', 'B+'),
('en_b001837', 'course_b048', '22530460', 'B-'),
('en_b001838', 'course_b049', '22530460', 'C'),
('en_b001839', 'course_b050', '22530460', 'A'),
('en_b001840', 'course_b051', '22530460', 'B+'),
('en_b001841', 'course_b079', '22530461', 'B-'),
('en_b001842', 'course_b080', '22530461', 'C'),
('en_b001843', 'course_b081', '22530461', 'A'),
('en_b001844', 'course_b082', '22530461', 'B+'),
('en_b001845', 'course_b020', '22530462', 'B+'),
('en_b001846', 'course_b021', '22530462', 'B-'),
('en_b001847', 'course_b022', '22530462', 'C'),
('en_b001848', 'course_b023', '22530462', 'A'),
('en_b001849', 'course_b051', '22530463', 'B+'),
('en_b001850', 'course_b052', '22530463', 'B-'),
('en_b001851', 'course_b053', '22530463', 'C'),
('en_b001852', 'course_b054', '22530463', 'A'),
('en_b001853', 'course_b082', '22530464', 'B+'),
('en_b001854', 'course_b083', '22530464', 'B-'),
('en_b001855', 'course_b084', '22530464', 'C'),
('en_b001856', 'course_b085', '22530464', 'A'),
('en_b001857', 'course_b023', '22530465', 'A'),
('en_b001858', 'course_b024', '22530465', 'B+'),
('en_b001859', 'course_b025', '22530465', 'B-'),
('en_b001860', 'course_b026', '22530465', 'C'),
('en_b001861', 'course_b054', '22530466', 'A'),
('en_b001862', 'course_b055', '22530466', 'B+'),
('en_b001863', 'course_b056', '22530466', 'B-'),
('en_b001864', 'course_b057', '22530466', 'C'),
('en_b001865', 'course_b085', '22530467', 'A'),
('en_b001866', 'course_b086', '22530467', 'B+'),
('en_b001867', 'course_b087', '22530467', 'B-'),
('en_b001868', 'course_b088', '22530467', 'C'),
('en_b001869', 'course_b026', '22530468', 'C'),
('en_b001870', 'course_b027', '22530468', 'A'),
('en_b001871', 'course_b028', '22530468', 'B+'),
('en_b001872', 'course_b029', '22530468', 'B-'),
('en_b001873', 'course_b057', '22530469', 'C'),
('en_b001874', 'course_b058', '22530469', 'A'),
('en_b001875', 'course_b059', '22530469', 'B+'),
('en_b001876', 'course_b060', '22530469', 'B-'),
('en_b001877', 'course_b088', '22530470', 'C'),
('en_b001878', 'course_b089', '22530470', 'A'),
('en_b001879', 'course_b090', '22530470', 'B+'),
('en_b001880', 'course_b001', '22530470', 'B+'),
('en_b001881', 'course_b029', '22530471', 'B-'),
('en_b001882', 'course_b030', '22530471', 'C'),
('en_b001883', 'course_b031', '22530471', 'A'),
('en_b001884', 'course_b032', '22530471', 'B+'),
('en_b001885', 'course_b060', '22530472', 'B-'),
('en_b001886', 'course_b061', '22530472', 'C'),
('en_b001887', 'course_b062', '22530472', 'A'),
('en_b001888', 'course_b063', '22530472', 'B+'),
('en_b001889', 'course_b001', '22530473', 'B+'),
('en_b001890', 'course_b002', '22530473', 'B-'),
('en_b001891', 'course_b003', '22530473', 'C'),
('en_b001892', 'course_b004', '22530473', 'A'),
('en_b001893', 'course_b032', '22530474', 'B+'),
('en_b001894', 'course_b033', '22530474', 'B-'),
('en_b001895', 'course_b034', '22530474', 'C'),
('en_b001896', 'course_b035', '22530474', 'A'),
('en_b001897', 'course_b063', '22530475', 'B+'),
('en_b001898', 'course_b064', '22530475', 'B-'),
('en_b001899', 'course_b065', '22530475', 'C'),
('en_b001900', 'course_b066', '22530475', 'A');

INSERT INTO course_enrollments (id, course_id, student_id, grade)
VALUES
('en_b001901', 'course_b004', '22530476', 'A'),
('en_b001902', 'course_b005', '22530476', 'B+'),
('en_b001903', 'course_b006', '22530476', 'B-'),
('en_b001904', 'course_b007', '22530476', 'C'),
('en_b001905', 'course_b035', '22530477', 'A'),
('en_b001906', 'course_b036', '22530477', 'B+'),
('en_b001907', 'course_b037', '22530477', 'B-'),
('en_b001908', 'course_b038', '22530477', 'C'),
('en_b001909', 'course_b066', '22530478', 'A'),
('en_b001910', 'course_b067', '22530478', 'B+'),
('en_b001911', 'course_b068', '22530478', 'B-'),
('en_b001912', 'course_b069', '22530478', 'C'),
('en_b001913', 'course_b007', '22530479', 'C'),
('en_b001914', 'course_b008', '22530479', 'A'),
('en_b001915', 'course_b009', '22530479', 'B+'),
('en_b001916', 'course_b010', '22530479', 'B-'),
('en_b001917', 'course_b038', '22530480', 'C'),
('en_b001918', 'course_b039', '22530480', 'A'),
('en_b001919', 'course_b040', '22530480', 'B+'),
('en_b001920', 'course_b041', '22530480', 'B-'),
('en_b001921', 'course_b069', '22530481', 'C'),
('en_b001922', 'course_b070', '22530481', 'A'),
('en_b001923', 'course_b071', '22530481', 'B+'),
('en_b001924', 'course_b072', '22530481', 'B-'),
('en_b001925', 'course_b010', '22530482', 'B-'),
('en_b001926', 'course_b011', '22530482', 'C'),
('en_b001927', 'course_b012', '22530482', 'A'),
('en_b001928', 'course_b013', '22530482', 'B+'),
('en_b001929', 'course_b041', '22530483', 'B-'),
('en_b001930', 'course_b042', '22530483', 'C'),
('en_b001931', 'course_b043', '22530483', 'A'),
('en_b001932', 'course_b044', '22530483', 'B+'),
('en_b001933', 'course_b072', '22530484', 'B-'),
('en_b001934', 'course_b073', '22530484', 'C'),
('en_b001935', 'course_b074', '22530484', 'A'),
('en_b001936', 'course_b075', '22530484', 'B+'),
('en_b001937', 'course_b013', '22530485', 'B+'),
('en_b001938', 'course_b014', '22530485', 'B-'),
('en_b001939', 'course_b015', '22530485', 'C'),
('en_b001940', 'course_b016', '22530485', 'A'),
('en_b001941', 'course_b044', '22530486', 'B+'),
('en_b001942', 'course_b045', '22530486', 'B-'),
('en_b001943', 'course_b046', '22530486', 'C'),
('en_b001944', 'course_b047', '22530486', 'A'),
('en_b001945', 'course_b075', '22530487', 'B+'),
('en_b001946', 'course_b076', '22530487', 'B-'),
('en_b001947', 'course_b077', '22530487', 'C'),
('en_b001948', 'course_b078', '22530487', 'A'),
('en_b001949', 'course_b016', '22530488', 'A'),
('en_b001950', 'course_b017', '22530488', 'B+'),
('en_b001951', 'course_b018', '22530488', 'B-'),
('en_b001952', 'course_b019', '22530488', 'C'),
('en_b001953', 'course_b047', '22530489', 'A'),
('en_b001954', 'course_b048', '22530489', 'B+'),
('en_b001955', 'course_b049', '22530489', 'B-'),
('en_b001956', 'course_b050', '22530489', 'C'),
('en_b001957', 'course_b078', '22530490', 'A'),
('en_b001958', 'course_b079', '22530490', 'B+'),
('en_b001959', 'course_b080', '22530490', 'B-'),
('en_b001960', 'course_b081', '22530490', 'C'),
('en_b001961', 'course_b019', '22530491', 'C'),
('en_b001962', 'course_b020', '22530491', 'A'),
('en_b001963', 'course_b021', '22530491', 'B+'),
('en_b001964', 'course_b022', '22530491', 'B-'),
('en_b001965', 'course_b050', '22530492', 'C'),
('en_b001966', 'course_b051', '22530492', 'A'),
('en_b001967', 'course_b052', '22530492', 'B+'),
('en_b001968', 'course_b053', '22530492', 'B-'),
('en_b001969', 'course_b081', '22530493', 'C'),
('en_b001970', 'course_b082', '22530493', 'A'),
('en_b001971', 'course_b083', '22530493', 'B+'),
('en_b001972', 'course_b084', '22530493', 'B-'),
('en_b001973', 'course_b022', '22530494', 'B-'),
('en_b001974', 'course_b023', '22530494', 'C'),
('en_b001975', 'course_b024', '22530494', 'A'),
('en_b001976', 'course_b025', '22530494', 'B+'),
('en_b001977', 'course_b053', '22530495', 'B-'),
('en_b001978', 'course_b054', '22530495', 'C'),
('en_b001979', 'course_b055', '22530495', 'A'),
('en_b001980', 'course_b056', '22530495', 'B+'),
('en_b001981', 'course_b084', '22530496', 'B-'),
('en_b001982', 'course_b085', '22530496', 'C'),
('en_b001983', 'course_b086', '22530496', 'A'),
('en_b001984', 'course_b087', '22530496', 'B+'),
('en_b001985', 'course_b025', '22530497', 'B+'),
('en_b001986', 'course_b026', '22530497', 'B-'),
('en_b001987', 'course_b027', '22530497', 'C'),
('en_b001988', 'course_b028', '22530497', 'A'),
('en_b001989', 'course_b056', '22530498', 'B+'),
('en_b001990', 'course_b057', '22530498', 'B-'),
('en_b001991', 'course_b058', '22530498', 'C'),
('en_b001992', 'course_b059', '22530498', 'A'),
('en_b001993', 'course_b087', '22530499', 'B+'),
('en_b001994', 'course_b088', '22530499', 'B-'),
('en_b001995', 'course_b089', '22530499', 'C'),
('en_b001996', 'course_b090', '22530499', 'A'),
('en_b001997', 'course_b028', '22530500', 'A'),
('en_b001998', 'course_b029', '22530500', 'B+'),
('en_b001999', 'course_b030', '22530500', 'B-'),
('en_b002000', 'course_b031', '22530500', 'C');

-- LECTURES
INSERT INTO lectures (id, course_id, lecture_date, start_time, end_time, location, latitude, longitude, allowed_radius_m)
VALUES
('lec_b001', 'course_b001', '2026-04-02 00:00:00', '10:00', '11:30', 'Section A', 30.155911312816503, 31.614183819504508, 100),
('lec_b002', 'course_b002', '2026-04-03 00:00:00', '10:00', '11:30', 'Section B', 30.155903511977797, 31.61467099883365, 100),
('lec_b003', 'course_b003', '2026-04-04 00:00:00', '10:00', '11:30', 'Section C', 30.15551151903733, 31.61437778905222, 100),
('lec_b004', 'course_b004', '2026-04-05 00:00:00', '10:00', '11:30', 'Section D', 30.15573189336974, 31.614339446234645, 100),
('lec_b005', 'course_b005', '2026-04-06 00:00:00', '10:00', '11:30', 'Section E', 30.1559132630261, 31.61443417554865, 100),
('lec_b006', 'course_b006', '2026-04-07 00:00:00', '10:00', '11:30', 'Section F', 30.15577089762507, 31.61415449852636, 100),
('lec_b007', 'course_b007', '2026-04-08 00:00:00', '10:00', '11:30', 'Section A', 30.155911312816503, 31.614183819504508, 100),
('lec_b008', 'course_b008', '2026-04-09 00:00:00', '10:00', '11:30', 'Section B', 30.155903511977797, 31.61467099883365, 100),
('lec_b009', 'course_b009', '2026-04-10 00:00:00', '10:00', '11:30', 'Section C', 30.15551151903733, 31.61437778905222, 100),
('lec_b010', 'course_b010', '2026-04-11 00:00:00', '10:00', '11:30', 'Section D', 30.15573189336974, 31.614339446234645, 100),
('lec_b011', 'course_b011', '2026-04-12 00:00:00', '10:00', '11:30', 'Section E', 30.1559132630261, 31.61443417554865, 100),
('lec_b012', 'course_b012', '2026-04-13 00:00:00', '10:00', '11:30', 'Section F', 30.15577089762507, 31.61415449852636, 100),
('lec_b013', 'course_b013', '2026-04-14 00:00:00', '10:00', '11:30', 'Section A', 30.155911312816503, 31.614183819504508, 100),
('lec_b014', 'course_b014', '2026-04-15 00:00:00', '10:00', '11:30', 'Section B', 30.155903511977797, 31.61467099883365, 100),
('lec_b015', 'course_b015', '2026-04-16 00:00:00', '10:00', '11:30', 'Section C', 30.15551151903733, 31.61437778905222, 100),
('lec_b016', 'course_b016', '2026-04-17 00:00:00', '10:00', '11:30', 'Section D', 30.15573189336974, 31.614339446234645, 100),
('lec_b017', 'course_b017', '2026-04-18 00:00:00', '10:00', '11:30', 'Section E', 30.1559132630261, 31.61443417554865, 100),
('lec_b018', 'course_b018', '2026-04-19 00:00:00', '10:00', '11:30', 'Section F', 30.15577089762507, 31.61415449852636, 100),
('lec_b019', 'course_b019', '2026-04-20 00:00:00', '10:00', '11:30', 'Section A', 30.155911312816503, 31.614183819504508, 100),
('lec_b020', 'course_b020', '2026-04-21 00:00:00', '10:00', '11:30', 'Section B', 30.155903511977797, 31.61467099883365, 100),
('lec_b021', 'course_b021', '2026-04-22 00:00:00', '10:00', '11:30', 'Section C', 30.15551151903733, 31.61437778905222, 100),
('lec_b022', 'course_b022', '2026-04-23 00:00:00', '10:00', '11:30', 'Section D', 30.15573189336974, 31.614339446234645, 100),
('lec_b023', 'course_b023', '2026-04-24 00:00:00', '10:00', '11:30', 'Section E', 30.1559132630261, 31.61443417554865, 100),
('lec_b024', 'course_b024', '2026-04-25 00:00:00', '10:00', '11:30', 'Section F', 30.15577089762507, 31.61415449852636, 100),
('lec_b025', 'course_b025', '2026-04-26 00:00:00', '10:00', '11:30', 'Section A', 30.155911312816503, 31.614183819504508, 100),
('lec_b026', 'course_b026', '2026-04-27 00:00:00', '10:00', '11:30', 'Section B', 30.155903511977797, 31.61467099883365, 100),
('lec_b027', 'course_b027', '2026-04-28 00:00:00', '10:00', '11:30', 'Section C', 30.15551151903733, 31.61437778905222, 100),
('lec_b028', 'course_b028', '2026-04-01 00:00:00', '10:00', '11:30', 'Section D', 30.15573189336974, 31.614339446234645, 100),
('lec_b029', 'course_b029', '2026-04-02 00:00:00', '10:00', '11:30', 'Section E', 30.1559132630261, 31.61443417554865, 100),
('lec_b030', 'course_b030', '2026-04-03 00:00:00', '10:00', '11:30', 'Section F', 30.15577089762507, 31.61415449852636, 100),
('lec_b031', 'course_b031', '2026-04-04 00:00:00', '10:00', '11:30', 'Section A', 30.155911312816503, 31.614183819504508, 100),
('lec_b032', 'course_b032', '2026-04-05 00:00:00', '10:00', '11:30', 'Section B', 30.155903511977797, 31.61467099883365, 100),
('lec_b033', 'course_b033', '2026-04-06 00:00:00', '10:00', '11:30', 'Section C', 30.15551151903733, 31.61437778905222, 100),
('lec_b034', 'course_b034', '2026-04-07 00:00:00', '10:00', '11:30', 'Section D', 30.15573189336974, 31.614339446234645, 100),
('lec_b035', 'course_b035', '2026-04-08 00:00:00', '10:00', '11:30', 'Section E', 30.1559132630261, 31.61443417554865, 100),
('lec_b036', 'course_b036', '2026-04-09 00:00:00', '10:00', '11:30', 'Section F', 30.15577089762507, 31.61415449852636, 100),
('lec_b037', 'course_b037', '2026-04-10 00:00:00', '10:00', '11:30', 'Section A', 30.155911312816503, 31.614183819504508, 100),
('lec_b038', 'course_b038', '2026-04-11 00:00:00', '10:00', '11:30', 'Section B', 30.155903511977797, 31.61467099883365, 100),
('lec_b039', 'course_b039', '2026-04-12 00:00:00', '10:00', '11:30', 'Section C', 30.15551151903733, 31.61437778905222, 100),
('lec_b040', 'course_b040', '2026-04-13 00:00:00', '10:00', '11:30', 'Section D', 30.15573189336974, 31.614339446234645, 100),
('lec_b041', 'course_b041', '2026-04-14 00:00:00', '10:00', '11:30', 'Section E', 30.1559132630261, 31.61443417554865, 100),
('lec_b042', 'course_b042', '2026-04-15 00:00:00', '10:00', '11:30', 'Section F', 30.15577089762507, 31.61415449852636, 100),
('lec_b043', 'course_b043', '2026-04-16 00:00:00', '10:00', '11:30', 'Section A', 30.155911312816503, 31.614183819504508, 100),
('lec_b044', 'course_b044', '2026-04-17 00:00:00', '10:00', '11:30', 'Section B', 30.155903511977797, 31.61467099883365, 100),
('lec_b045', 'course_b045', '2026-04-18 00:00:00', '10:00', '11:30', 'Section C', 30.15551151903733, 31.61437778905222, 100);

INSERT INTO lectures (id, course_id, lecture_date, start_time, end_time, location, latitude, longitude, allowed_radius_m)
VALUES
('lec_b046', 'course_b046', '2026-04-19 00:00:00', '10:00', '11:30', 'Section D', 30.15573189336974, 31.614339446234645, 100),
('lec_b047', 'course_b047', '2026-04-20 00:00:00', '10:00', '11:30', 'Section E', 30.1559132630261, 31.61443417554865, 100),
('lec_b048', 'course_b048', '2026-04-21 00:00:00', '10:00', '11:30', 'Section F', 30.15577089762507, 31.61415449852636, 100),
('lec_b049', 'course_b049', '2026-04-22 00:00:00', '10:00', '11:30', 'Section A', 30.155911312816503, 31.614183819504508, 100),
('lec_b050', 'course_b050', '2026-04-23 00:00:00', '10:00', '11:30', 'Section B', 30.155903511977797, 31.61467099883365, 100),
('lec_b051', 'course_b051', '2026-04-24 00:00:00', '10:00', '11:30', 'Section C', 30.15551151903733, 31.61437778905222, 100),
('lec_b052', 'course_b052', '2026-04-25 00:00:00', '10:00', '11:30', 'Section D', 30.15573189336974, 31.614339446234645, 100),
('lec_b053', 'course_b053', '2026-04-26 00:00:00', '10:00', '11:30', 'Section E', 30.1559132630261, 31.61443417554865, 100),
('lec_b054', 'course_b054', '2026-04-27 00:00:00', '10:00', '11:30', 'Section F', 30.15577089762507, 31.61415449852636, 100),
('lec_b055', 'course_b055', '2026-04-28 00:00:00', '10:00', '11:30', 'Section A', 30.155911312816503, 31.614183819504508, 100),
('lec_b056', 'course_b056', '2026-04-01 00:00:00', '10:00', '11:30', 'Section B', 30.155903511977797, 31.61467099883365, 100),
('lec_b057', 'course_b057', '2026-04-02 00:00:00', '10:00', '11:30', 'Section C', 30.15551151903733, 31.61437778905222, 100),
('lec_b058', 'course_b058', '2026-04-03 00:00:00', '10:00', '11:30', 'Section D', 30.15573189336974, 31.614339446234645, 100),
('lec_b059', 'course_b059', '2026-04-04 00:00:00', '10:00', '11:30', 'Section E', 30.1559132630261, 31.61443417554865, 100),
('lec_b060', 'course_b060', '2026-04-05 00:00:00', '10:00', '11:30', 'Section F', 30.15577089762507, 31.61415449852636, 100),
('lec_b061', 'course_b061', '2026-04-06 00:00:00', '10:00', '11:30', 'Section A', 30.155911312816503, 31.614183819504508, 100),
('lec_b062', 'course_b062', '2026-04-07 00:00:00', '10:00', '11:30', 'Section B', 30.155903511977797, 31.61467099883365, 100),
('lec_b063', 'course_b063', '2026-04-08 00:00:00', '10:00', '11:30', 'Section C', 30.15551151903733, 31.61437778905222, 100),
('lec_b064', 'course_b064', '2026-04-09 00:00:00', '10:00', '11:30', 'Section D', 30.15573189336974, 31.614339446234645, 100),
('lec_b065', 'course_b065', '2026-04-10 00:00:00', '10:00', '11:30', 'Section E', 30.1559132630261, 31.61443417554865, 100),
('lec_b066', 'course_b066', '2026-04-11 00:00:00', '10:00', '11:30', 'Section F', 30.15577089762507, 31.61415449852636, 100),
('lec_b067', 'course_b067', '2026-04-12 00:00:00', '10:00', '11:30', 'Section A', 30.155911312816503, 31.614183819504508, 100),
('lec_b068', 'course_b068', '2026-04-13 00:00:00', '10:00', '11:30', 'Section B', 30.155903511977797, 31.61467099883365, 100),
('lec_b069', 'course_b069', '2026-04-14 00:00:00', '10:00', '11:30', 'Section C', 30.15551151903733, 31.61437778905222, 100),
('lec_b070', 'course_b070', '2026-04-15 00:00:00', '10:00', '11:30', 'Section D', 30.15573189336974, 31.614339446234645, 100),
('lec_b071', 'course_b071', '2026-04-16 00:00:00', '10:00', '11:30', 'Section E', 30.1559132630261, 31.61443417554865, 100),
('lec_b072', 'course_b072', '2026-04-17 00:00:00', '10:00', '11:30', 'Section F', 30.15577089762507, 31.61415449852636, 100),
('lec_b073', 'course_b073', '2026-04-18 00:00:00', '10:00', '11:30', 'Section A', 30.155911312816503, 31.614183819504508, 100),
('lec_b074', 'course_b074', '2026-04-19 00:00:00', '10:00', '11:30', 'Section B', 30.155903511977797, 31.61467099883365, 100),
('lec_b075', 'course_b075', '2026-04-20 00:00:00', '10:00', '11:30', 'Section C', 30.15551151903733, 31.61437778905222, 100),
('lec_b076', 'course_b076', '2026-04-21 00:00:00', '10:00', '11:30', 'Section D', 30.15573189336974, 31.614339446234645, 100),
('lec_b077', 'course_b077', '2026-04-22 00:00:00', '10:00', '11:30', 'Section E', 30.1559132630261, 31.61443417554865, 100),
('lec_b078', 'course_b078', '2026-04-23 00:00:00', '10:00', '11:30', 'Section F', 30.15577089762507, 31.61415449852636, 100),
('lec_b079', 'course_b079', '2026-04-24 00:00:00', '10:00', '11:30', 'Section A', 30.155911312816503, 31.614183819504508, 100),
('lec_b080', 'course_b080', '2026-04-25 00:00:00', '10:00', '11:30', 'Section B', 30.155903511977797, 31.61467099883365, 100),
('lec_b081', 'course_b081', '2026-04-26 00:00:00', '10:00', '11:30', 'Section C', 30.15551151903733, 31.61437778905222, 100),
('lec_b082', 'course_b082', '2026-04-27 00:00:00', '10:00', '11:30', 'Section D', 30.15573189336974, 31.614339446234645, 100),
('lec_b083', 'course_b083', '2026-04-28 00:00:00', '10:00', '11:30', 'Section E', 30.1559132630261, 31.61443417554865, 100),
('lec_b084', 'course_b084', '2026-04-01 00:00:00', '10:00', '11:30', 'Section F', 30.15577089762507, 31.61415449852636, 100),
('lec_b085', 'course_b085', '2026-04-02 00:00:00', '10:00', '11:30', 'Section A', 30.155911312816503, 31.614183819504508, 100),
('lec_b086', 'course_b086', '2026-04-03 00:00:00', '10:00', '11:30', 'Section B', 30.155903511977797, 31.61467099883365, 100),
('lec_b087', 'course_b087', '2026-04-04 00:00:00', '10:00', '11:30', 'Section C', 30.15551151903733, 31.61437778905222, 100),
('lec_b088', 'course_b088', '2026-04-05 00:00:00', '10:00', '11:30', 'Section D', 30.15573189336974, 31.614339446234645, 100),
('lec_b089', 'course_b089', '2026-04-06 00:00:00', '10:00', '11:30', 'Section E', 30.1559132630261, 31.61443417554865, 100),
('lec_b090', 'course_b090', '2026-04-07 00:00:00', '10:00', '11:30', 'Section F', 30.15577089762507, 31.61415449852636, 100);

-- LECTURE MATERIALS (sample)
INSERT INTO lecture_materials (id, lecture_id, title, file_url, description, attendance_required)
VALUES
('mat_b001', 'lec_b001', 'Week 1 materials', '/materials/w1.pdf', 'Readings and exercises', 0),
('mat_b002', 'lec_b002', 'Week 1 materials', '/materials/w1.pdf', 'Readings and exercises', 0),
('mat_b003', 'lec_b003', 'Week 1 materials', '/materials/w1.pdf', 'Readings and exercises', 0),
('mat_b004', 'lec_b004', 'Week 1 materials', '/materials/w1.pdf', 'Readings and exercises', 0),
('mat_b005', 'lec_b005', 'Week 1 materials', '/materials/w1.pdf', 'Readings and exercises', 0),
('mat_b006', 'lec_b006', 'Week 1 materials', '/materials/w1.pdf', 'Readings and exercises', 0),
('mat_b007', 'lec_b007', 'Week 1 materials', '/materials/w1.pdf', 'Readings and exercises', 0),
('mat_b008', 'lec_b008', 'Week 1 materials', '/materials/w1.pdf', 'Readings and exercises', 0),
('mat_b009', 'lec_b009', 'Week 1 materials', '/materials/w1.pdf', 'Readings and exercises', 0),
('mat_b010', 'lec_b010', 'Week 1 materials', '/materials/w1.pdf', 'Readings and exercises', 0),
('mat_b011', 'lec_b011', 'Week 1 materials', '/materials/w1.pdf', 'Readings and exercises', 0),
('mat_b012', 'lec_b012', 'Week 1 materials', '/materials/w1.pdf', 'Readings and exercises', 0),
('mat_b013', 'lec_b013', 'Week 1 materials', '/materials/w1.pdf', 'Readings and exercises', 0),
('mat_b014', 'lec_b014', 'Week 1 materials', '/materials/w1.pdf', 'Readings and exercises', 0),
('mat_b015', 'lec_b015', 'Week 1 materials', '/materials/w1.pdf', 'Readings and exercises', 0);

-- Registration starts empty: students must request courses first.
DELETE FROM course_enrollments;
DELETE FROM enrollment_requests;
DELETE FROM student_payments;

-- Demo virtual course materials (PDFs/videos)
INSERT OR IGNORE INTO course_materials (id, course_id, title, description, material_type, url, sort_order)
VALUES
('cm_demo_001', 'course_b001', 'Database Indexing Handout (PDF)', 'Virtual PDF material for practice.', 'pdf', 'https://www.w3.org/WAI/ER/tests/xhtml/testfiles/resources/pdf/dummy.pdf', 1),
('cm_demo_002', 'course_b002', 'Algorithms Week 2 Slides (PDF)', 'Complexity and recursion examples.', 'pdf', 'https://www.orimi.com/pdf-test.pdf', 1),
('cm_demo_003', 'course_b003', 'Security Intro Video', 'Virtual recorded lecture.', 'video', 'https://www.youtube.com/watch?v=dQw4w9WgXcQ', 1),
('cm_demo_004', 'course_b004', 'Programming Basics Notes (PDF)', 'Sample downloadable notes.', 'pdf', 'https://unec.edu.az/application/uploads/2014/12/pdf-sample.pdf', 1),
('cm_demo_005', 'course_b005', 'Digital Systems Tutorial Video', 'Boolean algebra walkthrough.', 'video', 'https://www.youtube.com/watch?v=aqz-KE-bpKQ', 1);

-- Demo enrollments so some students have upcoming lectures in attendance pages
INSERT OR IGNORE INTO course_enrollments (id, course_id, student_id, enrollment_date, grade)
VALUES
('enr_demo_001', 'course_b001', '22530001', CURRENT_TIMESTAMP, NULL),
('enr_demo_002', 'course_b002', '22530001', CURRENT_TIMESTAMP, NULL),
('enr_demo_003', 'course_b003', '22530002', CURRENT_TIMESTAMP, NULL),
('enr_demo_004', 'course_b004', '22530003', CURRENT_TIMESTAMP, NULL),
('enr_demo_005', 'course_b005', '22530004', CURRENT_TIMESTAMP, NULL);

-- Extra upcoming lectures for demo students/courses
INSERT OR IGNORE INTO lectures (id, course_id, lecture_date, start_time, end_time, location, latitude, longitude, allowed_radius_m)
VALUES
('lec_demo_001', 'course_b001', date('now', '+1 day'), '10:00', '11:30', 'Section A', 30.155911312816503, 31.614183819504508, 100),
('lec_demo_002', 'course_b002', date('now', '+2 day'), '10:00', '11:30', 'Section B', 30.155903511977797, 31.61467099883365, 100),
('lec_demo_003', 'course_b003', date('now', '+3 day'), '10:00', '11:30', 'Section C', 30.15551151903733, 31.61437778905222, 100),
('lec_demo_004', 'course_b004', date('now', '+4 day'), '10:00', '11:30', 'Section D', 30.15573189336974, 31.614339446234645, 100),
('lec_demo_005', 'course_b005', date('now', '+5 day'), '10:00', '11:30', 'Section E', 30.1559132630261, 31.61443417554865, 100);